Observation id	Observation date	Description	Observation duration	Observation type	Source	Media duration (s)	FPS	Subject	Behavior	Behavioral category	Behavior type	Time	Media file name	Image index	Image file path	Comment
Sept05	2023-09-05 07:56:47		14351.827	Live observation	NA	NA	NA	DMO-10	BR_A	BR	START	39.235	NA	NA	NA	
Sept05	2023-09-05 07:56:47		14351.827	Live observation	NA	NA	NA	DMO-10	BR_A	BR	STOP	86.189	NA	NA	NA	
Sept05	2023-09-05 07:56:47		14351.827	Live observation	NA	NA	NA	DMO-10	BR_C	BR	START	86.189	NA	NA	NA	
Sept05	2023-09-05 07:56:47		14351.827	Live observation	NA	NA	NA	DMO-10	BR_C	BR	STOP	91.566	NA	NA	NA	
Sept05	2023-09-05 07:56:47		14351.827	Live observation	NA	NA	NA	DMO-10	BR_D	BR	START	91.566	NA	NA	NA	
Sept05	2023-09-05 07:56:47		14351.827	Live observation	NA	NA	NA	DMO-10	BR_D	BR	STOP	92.999	NA	NA	NA	
Sept05	2023-09-05 07:56:47		14351.827	Live observation	NA	NA	NA	DMO-10	BR_C	BR	START	92.999	NA	NA	NA	
Sept05	2023-09-05 07:56:47		14351.827	Live observation	NA	NA	NA	DMO-10	BR_C	BR	STOP	164.530	NA	NA	NA	
Sept05	2023-09-05 07:56:47		14351.827	Live observation	NA	NA	NA	DMO-10	BR_D	BR	START	164.530	NA	NA	NA	
Sept05	2023-09-05 07:56:47		14351.827	Live observation	NA	NA	NA	DMO-10	BR_D	BR	STOP	186.254	NA	NA	NA	
Sept05	2023-09-05 07:56:47		14351.827	Live observation	NA	NA	NA	DMO-10	BR_B	BR	START	197.924	NA	NA	NA	
Sept05	2023-09-05 07:56:47		14351.827	Live observation	NA	NA	NA	DMO-10	BR_B	BR	STOP	216.113	NA	NA	NA	
Sept05	2023-09-05 07:56:47		14351.827	Live observation	NA	NA	NA	DMO-10	BR_A	BR	START	216.113	NA	NA	NA	
Sept05	2023-09-05 07:56:47		14351.827	Live observation	NA	NA	NA	DMO-10	TWRL_A	TWRL	START	216.340	NA	NA	NA	
Sept05	2023-09-05 07:56:47		14351.827	Live observation	NA	NA	NA	DMO-10	TWRL_A	TWRL	STOP	224.767	NA	NA	NA	
Sept05	2023-09-05 07:56:47		14351.827	Live observation	NA	NA	NA	DMO-10	BR_A	BR	STOP	237.732	NA	NA	NA	
Sept05	2023-09-05 07:56:47		14351.827	Live observation	NA	NA	NA	DMO-10	BR_C	BR	START	237.732	NA	NA	NA	
Sept05	2023-09-05 07:56:47		14351.827	Live observation	NA	NA	NA	DMO-10	BR_C	BR	STOP	315.964	NA	NA	NA	
Sept05	2023-09-05 07:56:47		14351.827	Live observation	NA	NA	NA	DMO-10	BR_D	BR	START	315.964	NA	NA	NA	
Sept05	2023-09-05 07:56:47		14351.827	Live observation	NA	NA	NA	DMO-10	BR_D	BR	STOP	329.842	NA	NA	NA	
Sept05	2023-09-05 07:56:47		14351.827	Live observation	NA	NA	NA	DMO-10	BR_C	BR	START	329.842	NA	NA	NA	
Sept05	2023-09-05 07:56:47		14351.827	Live observation	NA	NA	NA	DMO-10	BR_C	BR	STOP	378.789	NA	NA	NA	
Sept05	2023-09-05 07:56:47		14351.827	Live observation	NA	NA	NA	DMO-10	BR_C	BR	START	417.043	NA	NA	NA	
Sept05	2023-09-05 07:56:47		14351.827	Live observation	NA	NA	NA	DMO-10	BR_C	BR	STOP	469.817	NA	NA	NA	
Sept05	2023-09-05 07:56:47		14351.827	Live observation	NA	NA	NA	DMO-16	BR_B	BR	START	614.667	NA	NA	NA	
Sept05	2023-09-05 07:56:47		14351.827	Live observation	NA	NA	NA	DMO-10	BR_C	BR	START	622.492	NA	NA	NA	
Sept05	2023-09-05 07:56:47		14351.827	Live observation	NA	NA	NA	DMO-16	BR_B	BR	STOP	635.766	NA	NA	NA	
Sept05	2023-09-05 07:56:47		14351.827	Live observation	NA	NA	NA	DMO-10	BR_C	BR	STOP	658.781	NA	NA	NA	
Sept05	2023-09-05 07:56:47		14351.827	Live observation	NA	NA	NA	DMO-16	BR_B	BR	START	715.434	NA	NA	NA	
Sept05	2023-09-05 07:56:47		14351.827	Live observation	NA	NA	NA	DMO-16	BR_B	BR	STOP	730.500	NA	NA	NA	
Sept05	2023-09-05 07:56:47		14351.827	Live observation	NA	NA	NA	DMO-16	BR_A	BR	START	730.500	NA	NA	NA	
Sept05	2023-09-05 07:56:47		14351.827	Live observation	NA	NA	NA	DMO-16	BR_A	BR	STOP	830.487	NA	NA	NA	
Sept05	2023-09-05 07:56:47		14351.827	Live observation	NA	NA	NA	DMO-16	BR_C	BR	START	847.837	NA	NA	NA	
Sept05	2023-09-05 07:56:47		14351.827	Live observation	NA	NA	NA	DMO-16	BR_C	BR	STOP	906.373	NA	NA	NA	
Sept05	2023-09-05 07:56:47		14351.827	Live observation	NA	NA	NA	DMO-16	BR_D	BR	START	906.373	NA	NA	NA	
Sept05	2023-09-05 07:56:47		14351.827	Live observation	NA	NA	NA	DMO-16	BR_D	BR	STOP	913.157	NA	NA	NA	
Sept05	2023-09-05 07:56:47		14351.827	Live observation	NA	NA	NA	DMO-10	BR_A	BR	START	1014.322	NA	NA	NA	
Sept05	2023-09-05 07:56:47		14351.827	Live observation	NA	NA	NA	DMO-10	TWRL_A	TWRL	START	1016.420	NA	NA	NA	
Sept05	2023-09-05 07:56:47		14351.827	Live observation	NA	NA	NA	DMO-10	TWRL_A	TWRL	STOP	1019.053	NA	NA	NA	
Sept05	2023-09-05 07:56:47		14351.827	Live observation	NA	NA	NA	DMO-10	BR_A	BR	STOP	1040.124	NA	NA	NA	
Sept05	2023-09-05 07:56:47		14351.827	Live observation	NA	NA	NA	DMO-16	BR_C	BR	START	1045.164	NA	NA	NA	
Sept05	2023-09-05 07:56:47		14351.827	Live observation	NA	NA	NA	DMO-13a	BR_D	BR	START	1056.286	NA	NA	NA	
Sept05	2023-09-05 07:56:47		14351.827	Live observation	NA	NA	NA	DMO-13a	BR_D	BR	STOP	1063.379	NA	NA	NA	
Sept05	2023-09-05 07:56:47		14351.827	Live observation	NA	NA	NA	DMO-13a	BR_A	BR	START	1063.379	NA	NA	NA	
Sept05	2023-09-05 07:56:47		14351.827	Live observation	NA	NA	NA	DMO-16	BR_C	BR	STOP	1091.949	NA	NA	NA	
Sept05	2023-09-05 07:56:47		14351.827	Live observation	NA	NA	NA	DMO-13a	BR_A	BR	STOP	1099.725	NA	NA	NA	
Sept05	2023-09-05 07:56:47		14351.827	Live observation	NA	NA	NA	DMO-16	BR_C	BR	START	1108.503	NA	NA	NA	
Sept05	2023-09-05 07:56:47		14351.827	Live observation	NA	NA	NA	DMO-16	BR_C	BR	STOP	1109.559	NA	NA	NA	
Sept05	2023-09-05 07:56:47		14351.827	Live observation	NA	NA	NA	DMO-16	BR_B	BR	START	1109.559	NA	NA	NA	
Sept05	2023-09-05 07:56:47		14351.827	Live observation	NA	NA	NA	DMO-10	BR_C	BR	START	1115.314	NA	NA	NA	
Sept05	2023-09-05 07:56:47		14351.827	Live observation	NA	NA	NA	DMO-10	BR_C	BR	STOP	1135.652	NA	NA	NA	
Sept05	2023-09-05 07:56:47		14351.827	Live observation	NA	NA	NA	DMO-10	BR_D	BR	START	1135.652	NA	NA	NA	
Sept05	2023-09-05 07:56:47		14351.827	Live observation	NA	NA	NA	DMO-16	BR_B	BR	STOP	1148.799	NA	NA	NA	
Sept05	2023-09-05 07:56:47		14351.827	Live observation	NA	NA	NA	DMO-10	BR_D	BR	STOP	1156.036	NA	NA	NA	
Sept05	2023-09-05 07:56:47		14351.827	Live observation	NA	NA	NA	DMO-10	BR_C	BR	START	1156.036	NA	NA	NA	
Sept05	2023-09-05 07:56:47		14351.827	Live observation	NA	NA	NA	DMO-16	BR_B	BR	START	1258.174	NA	NA	NA	
Sept05	2023-09-05 07:56:47		14351.827	Live observation	NA	NA	NA	DMO-10	BR_C	BR	STOP	1265.813	NA	NA	NA	
Sept05	2023-09-05 07:56:47		14351.827	Live observation	NA	NA	NA	DMO-10	BR_C	BR	START	1284.733	NA	NA	NA	
Sept05	2023-09-05 07:56:47		14351.827	Live observation	NA	NA	NA	DMO-16	BR_B	BR	STOP	1297.751	NA	NA	NA	
Sept05	2023-09-05 07:56:47		14351.827	Live observation	NA	NA	NA	DMO-16	BR_C	BR	START	1304.872	NA	NA	NA	
Sept05	2023-09-05 07:56:47		14351.827	Live observation	NA	NA	NA	DM1-20a	BR_D	BR	START	1350.678	NA	NA	NA	
Sept05	2023-09-05 07:56:47		14351.827	Live observation	NA	NA	NA	DMO-10	BR_C	BR	STOP	1358.754	NA	NA	NA	
Sept05	2023-09-05 07:56:47		14351.827	Live observation	NA	NA	NA	DMO-16	BR_C	BR	STOP	1372.706	NA	NA	NA	
Sept05	2023-09-05 07:56:47		14351.827	Live observation	NA	NA	NA	DMO-13	BR_A	BR	START	1417.906	NA	NA	NA	
Sept05	2023-09-05 07:56:47		14351.827	Live observation	NA	NA	NA	DMO-16	BR_B	BR	START	1422.555	NA	NA	NA	
Sept05	2023-09-05 07:56:47		14351.827	Live observation	NA	NA	NA	DMO-10	BR_C	BR	START	1433.419	NA	NA	NA	
Sept05	2023-09-05 07:56:47		14351.827	Live observation	NA	NA	NA	DMO-10	BR_C	BR	STOP	1433.919	NA	NA	NA	
Sept05	2023-09-05 07:56:47		14351.827	Live observation	NA	NA	NA	DMO-10	BR_D	BR	START	1433.919	NA	NA	NA	
Sept05	2023-09-05 07:56:47		14351.827	Live observation	NA	NA	NA	DMO-13	BR_A	BR	STOP	1446.796	NA	NA	NA	
Sept05	2023-09-05 07:56:47		14351.827	Live observation	NA	NA	NA	DMO-16	BR_B	BR	STOP	1453.663	NA	NA	NA	
Sept05	2023-09-05 07:56:47		14351.827	Live observation	NA	NA	NA	DMO-16	BR_A	BR	START	1453.663	NA	NA	NA	
Sept05	2023-09-05 07:56:47		14351.827	Live observation	NA	NA	NA	DMO-16	BR_A	BR	STOP	1474.394	NA	NA	NA	
Sept05	2023-09-05 07:56:47		14351.827	Live observation	NA	NA	NA	DMO-16	BR_A	BR	START	1476.141	NA	NA	NA	
Sept05	2023-09-05 07:56:47		14351.827	Live observation	NA	NA	NA	DM1-18a	BR_D	BR	START	1480.940	NA	NA	NA	
Sept05	2023-09-05 07:56:47		14351.827	Live observation	NA	NA	NA	DM1-18a	BR_D	BR	STOP	1494.711	NA	NA	NA	
Sept05	2023-09-05 07:56:47		14351.827	Live observation	NA	NA	NA	DMO-16	BR_A	BR	STOP	1502.183	NA	NA	NA	
Sept05	2023-09-05 07:56:47		14351.827	Live observation	NA	NA	NA	DMO-16	BR_B	BR	START	1502.183	NA	NA	NA	
Sept05	2023-09-05 07:56:47		14351.827	Live observation	NA	NA	NA	DM1-18a	BR_D	BR	START	1519.433	NA	NA	NA	
Sept05	2023-09-05 07:56:47		14351.827	Live observation	NA	NA	NA	DM1-18a	BR_D	BR	STOP	1529.838	NA	NA	NA	
Sept05	2023-09-05 07:56:47		14351.827	Live observation	NA	NA	NA	DMO-10	BR_D	BR	STOP	1538.839	NA	NA	NA	
Sept05	2023-09-05 07:56:47		14351.827	Live observation	NA	NA	NA	DMO-10	BR_C	BR	START	1538.839	NA	NA	NA	
Sept05	2023-09-05 07:56:47		14351.827	Live observation	NA	NA	NA	DM1-18a	BR_A	BR	START	1560.516	NA	NA	NA	
Sept05	2023-09-05 07:56:47		14351.827	Live observation	NA	NA	NA	DM1-18a	TWRL_A	TWRL	START	1560.526	NA	NA	NA	
Sept05	2023-09-05 07:56:47		14351.827	Live observation	NA	NA	NA	DM1-18a	BR_A	BR	STOP	1565.518	NA	NA	NA	
Sept05	2023-09-05 07:56:47		14351.827	Live observation	NA	NA	NA	DM1-18a	TWRL_A	TWRL	STOP	1583.588	NA	NA	NA	
Sept05	2023-09-05 07:56:47		14351.827	Live observation	NA	NA	NA	DM1-20a	BR_D	BR	STOP	1588.396	NA	NA	NA	
Sept05	2023-09-05 07:56:47		14351.827	Live observation	NA	NA	NA	DM1-20a	BR_C	BR	START	1588.396	NA	NA	NA	
Sept05	2023-09-05 07:56:47		14351.827	Live observation	NA	NA	NA	DMO-10	BR_C	BR	STOP	1593.269	NA	NA	NA	
Sept05	2023-09-05 07:56:47		14351.827	Live observation	NA	NA	NA	DM1-20a	BR_C	BR	STOP	1604.123	NA	NA	NA	
Sept05	2023-09-05 07:56:47		14351.827	Live observation	NA	NA	NA	DM1-20a	BR_A	BR	START	1604.123	NA	NA	NA	
Sept05	2023-09-05 07:56:47		14351.827	Live observation	NA	NA	NA	DM1-18a	BR_A	BR	START	1612.604	NA	NA	NA	
Sept05	2023-09-05 07:56:47		14351.827	Live observation	NA	NA	NA	DMO-16	BR_B	BR	STOP	1623.701	NA	NA	NA	
Sept05	2023-09-05 07:56:47		14351.827	Live observation	NA	NA	NA	DM1-18a	BR_A	BR	STOP	1639.846	NA	NA	NA	
Sept05	2023-09-05 07:56:47		14351.827	Live observation	NA	NA	NA	DMO-10	BR_A	BR	START	1646.710	NA	NA	NA	
Sept05	2023-09-05 07:56:47		14351.827	Live observation	NA	NA	NA	DM1-18a	BR_A	BR	START	1656.827	NA	NA	NA	
Sept05	2023-09-05 07:56:47		14351.827	Live observation	NA	NA	NA	DM1-20a	BR_A	BR	STOP	1683.688	NA	NA	NA	
Sept05	2023-09-05 07:56:47		14351.827	Live observation	NA	NA	NA	DM1-20a	BR_C	BR	START	1683.688	NA	NA	NA	
Sept05	2023-09-05 07:56:47		14351.827	Live observation	NA	NA	NA	DM1-20a	BR_C	BR	STOP	1684.438	NA	NA	NA	
Sept05	2023-09-05 07:56:47		14351.827	Live observation	NA	NA	NA	DM1-20a	BR_D	BR	START	1684.438	NA	NA	NA	
Sept05	2023-09-05 07:56:47		14351.827	Live observation	NA	NA	NA	DM1-18a	BR_A	BR	STOP	1691.257	NA	NA	NA	
Sept05	2023-09-05 07:56:47		14351.827	Live observation	NA	NA	NA	DMO-10	BR_A	BR	STOP	1697.794	NA	NA	NA	
Sept05	2023-09-05 07:56:47		14351.827	Live observation	NA	NA	NA	DMO-10	BR_C	BR	START	1697.794	NA	NA	NA	
Sept05	2023-09-05 07:56:47		14351.827	Live observation	NA	NA	NA	DM1-18a	BR_C	BR	START	1717.328	NA	NA	NA	
Sept05	2023-09-05 07:56:47		14351.827	Live observation	NA	NA	NA	DM1-20a	BR_D	BR	STOP	1722.575	NA	NA	NA	
Sept05	2023-09-05 07:56:47		14351.827	Live observation	NA	NA	NA	DMO-10	BR_C	BR	STOP	1748.152	NA	NA	NA	
Sept05	2023-09-05 07:56:47		14351.827	Live observation	NA	NA	NA	DMO-10	BR_D	BR	START	1748.152	NA	NA	NA	
Sept05	2023-09-05 07:56:47		14351.827	Live observation	NA	NA	NA	DM1-20a	BR_D	BR	START	1764.001	NA	NA	NA	
Sept05	2023-09-05 07:56:47		14351.827	Live observation	NA	NA	NA	DM1-18a	BR_C	BR	STOP	1768.685	NA	NA	NA	
Sept05	2023-09-05 07:56:47		14351.827	Live observation	NA	NA	NA	DM1-18a	BR_A	BR	START	1768.685	NA	NA	NA	
Sept05	2023-09-05 07:56:47		14351.827	Live observation	NA	NA	NA	DMO-16	BR_B	BR	START	1778.924	NA	NA	NA	
Sept05	2023-09-05 07:56:47		14351.827	Live observation	NA	NA	NA	DMO-16	BR_B	BR	STOP	1782.904	NA	NA	NA	
Sept05	2023-09-05 07:56:47		14351.827	Live observation	NA	NA	NA	DMO-16	BR_A	BR	START	1782.904	NA	NA	NA	
Sept05	2023-09-05 07:56:47		14351.827	Live observation	NA	NA	NA	DM1-18a	BR_A	BR	STOP	1812.330	NA	NA	NA	
Sept05	2023-09-05 07:56:47		14351.827	Live observation	NA	NA	NA	DM1-18a	BR_D	BR	START	1812.330	NA	NA	NA	
Sept05	2023-09-05 07:56:47		14351.827	Live observation	NA	NA	NA	DMO-16	BR_A	BR	STOP	1825.513	NA	NA	NA	
Sept05	2023-09-05 07:56:47		14351.827	Live observation	NA	NA	NA	DMO-16	BR_B	BR	START	1825.513	NA	NA	NA	
Sept05	2023-09-05 07:56:47		14351.827	Live observation	NA	NA	NA	DM1-18a	BR_D	BR	STOP	1837.031	NA	NA	NA	
Sept05	2023-09-05 07:56:47		14351.827	Live observation	NA	NA	NA	DM1-18a	BR_C	BR	START	1837.031	NA	NA	NA	
Sept05	2023-09-05 07:56:47		14351.827	Live observation	NA	NA	NA	DMO-16	BR_B	BR	STOP	1859.663	NA	NA	NA	
Sept05	2023-09-05 07:56:47		14351.827	Live observation	NA	NA	NA	DM1-18a	BR_C	BR	STOP	1885.353	NA	NA	NA	
Sept05	2023-09-05 07:56:47		14351.827	Live observation	NA	NA	NA	DM1-18a	BR_D	BR	START	1885.353	NA	NA	NA	
Sept05	2023-09-05 07:56:47		14351.827	Live observation	NA	NA	NA	DM1-20a	BR_D	BR	STOP	1904.867	NA	NA	NA	
Sept05	2023-09-05 07:56:47		14351.827	Live observation	NA	NA	NA	DM1-18a	BR_D	BR	STOP	1914.900	NA	NA	NA	
Sept05	2023-09-05 07:56:47		14351.827	Live observation	NA	NA	NA	DM1-18a	BR_C	BR	START	1914.900	NA	NA	NA	
Sept05	2023-09-05 07:56:47		14351.827	Live observation	NA	NA	NA	DM1-18a	BR_C	BR	STOP	1940.303	NA	NA	NA	
Sept05	2023-09-05 07:56:47		14351.827	Live observation	NA	NA	NA	DM1-18a	BR_A	BR	START	1940.303	NA	NA	NA	
Sept05	2023-09-05 07:56:47		14351.827	Live observation	NA	NA	NA	DM1-20a	BR_A	BR	START	1948.235	NA	NA	NA	
Sept05	2023-09-05 07:56:47		14351.827	Live observation	NA	NA	NA	DMO-10	BR_D	BR	STOP	1956.091	NA	NA	NA	
Sept05	2023-09-05 07:56:47		14351.827	Live observation	NA	NA	NA	DMO-10	BR_C	BR	START	1957.133	NA	NA	NA	
Sept05	2023-09-05 07:56:47		14351.827	Live observation	NA	NA	NA	DM1-18a	BR_A	BR	STOP	1972.569	NA	NA	NA	
Sept05	2023-09-05 07:56:47		14351.827	Live observation	NA	NA	NA	DM1-18a	BR_B	BR	START	1972.569	NA	NA	NA	
Sept05	2023-09-05 07:56:47		14351.827	Live observation	NA	NA	NA	DM1-20a	BR_A	BR	STOP	1984.603	NA	NA	NA	
Sept05	2023-09-05 07:56:47		14351.827	Live observation	NA	NA	NA	DM1-20a	BR_C	BR	START	1984.603	NA	NA	NA	
Sept05	2023-09-05 07:56:47		14351.827	Live observation	NA	NA	NA	DM1-18a	BR_B	BR	STOP	2024.447	NA	NA	NA	
Sept05	2023-09-05 07:56:47		14351.827	Live observation	NA	NA	NA	DMO-10	BR_C	BR	STOP	2047.818	NA	NA	NA	
Sept05	2023-09-05 07:56:47		14351.827	Live observation	NA	NA	NA	DMO-10	BR_D	BR	START	2047.818	NA	NA	NA	
Sept05	2023-09-05 07:56:47		14351.827	Live observation	NA	NA	NA	DM1-20a	BR_C	BR	STOP	2059.458	NA	NA	NA	
Sept05	2023-09-05 07:56:47		14351.827	Live observation	NA	NA	NA	DMO-10	BR_D	BR	STOP	2077.136	NA	NA	NA	
Sept05	2023-09-05 07:56:47		14351.827	Live observation	NA	NA	NA	DMO-10	BR_C	BR	START	2077.136	NA	NA	NA	
Sept05	2023-09-05 07:56:47		14351.827	Live observation	NA	NA	NA	DM1-20a	BR_C	BR	START	2089.035	NA	NA	NA	
Sept05	2023-09-05 07:56:47		14351.827	Live observation	NA	NA	NA	DMO-10	BR_C	BR	STOP	2103.284	NA	NA	NA	
Sept05	2023-09-05 07:56:47		14351.827	Live observation	NA	NA	NA	DMO-10	BR_C	BR	START	2121.167	NA	NA	NA	
Sept05	2023-09-05 07:56:47		14351.827	Live observation	NA	NA	NA	DM1-20a	BR_C	BR	STOP	2145.085	NA	NA	NA	
Sept05	2023-09-05 07:56:47		14351.827	Live observation	NA	NA	NA	DM1-20a	BR_A	BR	START	2145.085	NA	NA	NA	
Sept05	2023-09-05 07:56:47		14351.827	Live observation	NA	NA	NA	DM1-20a	BR_A	BR	STOP	2165.986	NA	NA	NA	
Sept05	2023-09-05 07:56:47		14351.827	Live observation	NA	NA	NA	DMO-16	BR_B	BR	START	2169.933	NA	NA	NA	
Sept05	2023-09-05 07:56:47		14351.827	Live observation	NA	NA	NA	DMO-10	BR_C	BR	STOP	2192.081	NA	NA	NA	
Sept05	2023-09-05 07:56:47		14351.827	Live observation	NA	NA	NA	DMO-10	BR_C	BR	START	2194.130	NA	NA	NA	
Sept05	2023-09-05 07:56:47		14351.827	Live observation	NA	NA	NA	DMO-10	BR_C	BR	STOP	2211.529	NA	NA	NA	
Sept05	2023-09-05 07:56:47		14351.827	Live observation	NA	NA	NA	DMO-16	BR_B	BR	STOP	2215.667	NA	NA	NA	
Sept05	2023-09-05 07:56:47		14351.827	Live observation	NA	NA	NA	DMO-16	BR_B	BR	START	2217.900	NA	NA	NA	
Sept05	2023-09-05 07:56:47		14351.827	Live observation	NA	NA	NA	DMO-10	BR_C	BR	START	2233.293	NA	NA	NA	
Sept05	2023-09-05 07:56:47		14351.827	Live observation	NA	NA	NA	DM1-20a	BR_C	BR	START	2275.672	NA	NA	NA	
Sept05	2023-09-05 07:56:47		14351.827	Live observation	NA	NA	NA	DMO-10	BR_C	BR	STOP	2279.665	NA	NA	NA	
Sept05	2023-09-05 07:56:47		14351.827	Live observation	NA	NA	NA	DMO-10	BR_C	BR	START	2296.335	NA	NA	NA	
Sept05	2023-09-05 07:56:47		14351.827	Live observation	NA	NA	NA	DMO-16	BR_B	BR	STOP	2335.018	NA	NA	NA	
Sept05	2023-09-05 07:56:47		14351.827	Live observation	NA	NA	NA	DMO-16	BR_C	BR	START	2355.248	NA	NA	NA	
Sept05	2023-09-05 07:56:47		14351.827	Live observation	NA	NA	NA	DMO-16	BR_C	BR	STOP	2411.045	NA	NA	NA	
Sept05	2023-09-05 07:56:47		14351.827	Live observation	NA	NA	NA	DMO-8	BR_B	BR	START	2441.377	NA	NA	NA	
Sept05	2023-09-05 07:56:47		14351.827	Live observation	NA	NA	NA	DMO-8	BR_B	BR	STOP	2453.375	NA	NA	NA	
Sept05	2023-09-05 07:56:47		14351.827	Live observation	NA	NA	NA	DMO-16	BR_B	BR	START	2460.960	NA	NA	NA	
Sept05	2023-09-05 07:56:47		14351.827	Live observation	NA	NA	NA	DMO-10	BR_C	BR	STOP	2466.384	NA	NA	NA	
Sept05	2023-09-05 07:56:47		14351.827	Live observation	NA	NA	NA	DM1-20a	BR_C	BR	STOP	2476.081	NA	NA	NA	
Sept05	2023-09-05 07:56:47		14351.827	Live observation	NA	NA	NA	DM1-18a	BR_B	BR	START	2479.568	NA	NA	NA	
Sept05	2023-09-05 07:56:47		14351.827	Live observation	NA	NA	NA	DM1-20a	BR_C	BR	START	2496.655	NA	NA	NA	
Sept05	2023-09-05 07:56:47		14351.827	Live observation	NA	NA	NA	DMO-10	BR_C	BR	START	2526.784	NA	NA	NA	
Sept05	2023-09-05 07:56:47		14351.827	Live observation	NA	NA	NA	DM1-20a	BR_C	BR	STOP	2557.383	NA	NA	NA	
Sept05	2023-09-05 07:56:47		14351.827	Live observation	NA	NA	NA	DM1-20a	BR_D	BR	START	2557.383	NA	NA	NA	
Sept05	2023-09-05 07:56:47		14351.827	Live observation	NA	NA	NA	DMO-16	BR_B	BR	STOP	2603.872	NA	NA	NA	
Sept05	2023-09-05 07:56:47		14351.827	Live observation	NA	NA	NA	DMO-16	BR_C	BR	START	2603.872	NA	NA	NA	
Sept05	2023-09-05 07:56:47		14351.827	Live observation	NA	NA	NA	DM1-20a	BR_D	BR	STOP	2633.917	NA	NA	NA	
Sept05	2023-09-05 07:56:47		14351.827	Live observation	NA	NA	NA	DM1-20a	BR_A	BR	START	2633.917	NA	NA	NA	
Sept05	2023-09-05 07:56:47		14351.827	Live observation	NA	NA	NA	DMO-10	BR_C	BR	STOP	2655.258	NA	NA	NA	
Sept05	2023-09-05 07:56:47		14351.827	Live observation	NA	NA	NA	DM1-20a	BR_A	BR	STOP	2664.324	NA	NA	NA	
Sept05	2023-09-05 07:56:47		14351.827	Live observation	NA	NA	NA	DM1-20a	BR_C	BR	START	2664.324	NA	NA	NA	
Sept05	2023-09-05 07:56:47		14351.827	Live observation	NA	NA	NA	DMO-16	BR_C	BR	STOP	2670.826	NA	NA	NA	
Sept05	2023-09-05 07:56:47		14351.827	Live observation	NA	NA	NA	DMO-16	BR_B	BR	START	2670.826	NA	NA	NA	
Sept05	2023-09-05 07:56:47		14351.827	Live observation	NA	NA	NA	DMO-10	BR_C	BR	START	2673.634	NA	NA	NA	
Sept05	2023-09-05 07:56:47		14351.827	Live observation	NA	NA	NA	DM1-18a	BR_B	BR	STOP	2680.227	NA	NA	NA	
Sept05	2023-09-05 07:56:47		14351.827	Live observation	NA	NA	NA	DM1-18a	BR_A	BR	START	2680.227	NA	NA	NA	
Sept05	2023-09-05 07:56:47		14351.827	Live observation	NA	NA	NA	DM1-18a	BR_A	BR	STOP	2713.820	NA	NA	NA	
Sept05	2023-09-05 07:56:47		14351.827	Live observation	NA	NA	NA	DM1-18a	BR_D	BR	START	2713.820	NA	NA	NA	
Sept05	2023-09-05 07:56:47		14351.827	Live observation	NA	NA	NA	DM1-20a	BR_C	BR	STOP	2719.593	NA	NA	NA	
Sept05	2023-09-05 07:56:47		14351.827	Live observation	NA	NA	NA	DM1-20a	BR_D	BR	START	2719.593	NA	NA	NA	
Sept05	2023-09-05 07:56:47		14351.827	Live observation	NA	NA	NA	DMO-10	BR_C	BR	STOP	2726.794	NA	NA	NA	
Sept05	2023-09-05 07:56:47		14351.827	Live observation	NA	NA	NA	DM1-18a	BR_D	BR	STOP	2732.232	NA	NA	NA	
Sept05	2023-09-05 07:56:47		14351.827	Live observation	NA	NA	NA	DM1-18a	BR_C	BR	START	2732.232	NA	NA	NA	
Sept05	2023-09-05 07:56:47		14351.827	Live observation	NA	NA	NA	DMO-16	BR_B	BR	STOP	2745.894	NA	NA	NA	
Sept05	2023-09-05 07:56:47		14351.827	Live observation	NA	NA	NA	DM1-20a	BR_D	BR	STOP	2771.728	NA	NA	NA	
Sept05	2023-09-05 07:56:47		14351.827	Live observation	NA	NA	NA	DMO-10	BR_C	BR	START	2775.516	NA	NA	NA	
Sept05	2023-09-05 07:56:47		14351.827	Live observation	NA	NA	NA	DM1-18a	BR_C	BR	STOP	2786.809	NA	NA	NA	
Sept05	2023-09-05 07:56:47		14351.827	Live observation	NA	NA	NA	DM1-20a	BR_C	BR	START	2808.350	NA	NA	NA	
Sept05	2023-09-05 07:56:47		14351.827	Live observation	NA	NA	NA	DM1-20a	BR_C	BR	STOP	2812.000	NA	NA	NA	
Sept05	2023-09-05 07:56:47		14351.827	Live observation	NA	NA	NA	DM1-20a	BR_D	BR	START	2812.000	NA	NA	NA	
Sept05	2023-09-05 07:56:47		14351.827	Live observation	NA	NA	NA	DM1-20a	BR_D	BR	STOP	2832.069	NA	NA	NA	
Sept05	2023-09-05 07:56:47		14351.827	Live observation	NA	NA	NA	DM1-18a	BR_D	BR	START	2835.519	NA	NA	NA	
Sept05	2023-09-05 07:56:47		14351.827	Live observation	NA	NA	NA	DM1-18a	BR_D	BR	STOP	2838.194	NA	NA	NA	
Sept05	2023-09-05 07:56:47		14351.827	Live observation	NA	NA	NA	DM1-18a	BR_C	BR	START	2838.194	NA	NA	NA	
Sept05	2023-09-05 07:56:47		14351.827	Live observation	NA	NA	NA	DMO-10	BR_C	BR	STOP	2846.066	NA	NA	NA	
Sept05	2023-09-05 07:56:47		14351.827	Live observation	NA	NA	NA	DMO-10	BR_A	BR	START	2879.471	NA	NA	NA	
Sept05	2023-09-05 07:56:47		14351.827	Live observation	NA	NA	NA	DM1-18a	BR_C	BR	STOP	2908.873	NA	NA	NA	
Sept05	2023-09-05 07:56:47		14351.827	Live observation	NA	NA	NA	DM1-18a	BR_D	BR	START	2908.873	NA	NA	NA	
Sept05	2023-09-05 07:56:47		14351.827	Live observation	NA	NA	NA	DM1-18a	BR_D	BR	STOP	2915.511	NA	NA	NA	
Sept05	2023-09-05 07:56:47		14351.827	Live observation	NA	NA	NA	DM1-18a	TWRL_D	TWRL	START	2922.251	NA	NA	NA	
Sept05	2023-09-05 07:56:47		14351.827	Live observation	NA	NA	NA	DM1-18a	BR_D	BR	START	2923.887	NA	NA	NA	
Sept05	2023-09-05 07:56:47		14351.827	Live observation	NA	NA	NA	DM1-18a	TWRL_D	TWRL	STOP	2941.950	NA	NA	NA	
Sept05	2023-09-05 07:56:47		14351.827	Live observation	NA	NA	NA	DM1-18a	BR_D	BR	STOP	2943.410	NA	NA	NA	
Sept05	2023-09-05 07:56:47		14351.827	Live observation	NA	NA	NA	DM1-18a	BR_C	BR	START	2943.410	NA	NA	NA	
Sept05	2023-09-05 07:56:47		14351.827	Live observation	NA	NA	NA	DMO-10	BR_A	BR	STOP	2948.644	NA	NA	NA	
Sept05	2023-09-05 07:56:47		14351.827	Live observation	NA	NA	NA	DMO-10	BR_C	BR	START	2948.644	NA	NA	NA	
Sept05	2023-09-05 07:56:47		14351.827	Live observation	NA	NA	NA	DM1-20a	BR_A	BR	START	2994.894	NA	NA	NA	
Sept05	2023-09-05 07:56:47		14351.827	Live observation	NA	NA	NA	DM1-20a	BR_A	BR	STOP	2995.632	NA	NA	NA	
Sept05	2023-09-05 07:56:47		14351.827	Live observation	NA	NA	NA	DM1-18a	BR_C	BR	STOP	2999.300	NA	NA	NA	
Sept05	2023-09-05 07:56:47		14351.827	Live observation	NA	NA	NA	DM1-18a	BR_C	BR	START	3007.006	NA	NA	NA	
Sept05	2023-09-05 07:56:47		14351.827	Live observation	NA	NA	NA	DM1-18a	BR_C	BR	STOP	3066.680	NA	NA	NA	
Sept05	2023-09-05 07:56:47		14351.827	Live observation	NA	NA	NA	DM1-18a	BR_B	BR	START	3066.680	NA	NA	NA	
Sept05	2023-09-05 07:56:47		14351.827	Live observation	NA	NA	NA	DM1-18a	BR_B	BR	STOP	3069.114	NA	NA	NA	
Sept05	2023-09-05 07:56:47		14351.827	Live observation	NA	NA	NA	DM1-18a	BR_A	BR	START	3069.114	NA	NA	NA	
Sept05	2023-09-05 07:56:47		14351.827	Live observation	NA	NA	NA	DMO-10	BR_C	BR	STOP	3073.534	NA	NA	NA	
Sept05	2023-09-05 07:56:47		14351.827	Live observation	NA	NA	NA	DM1-18a	BR_A	BR	STOP	3089.213	NA	NA	NA	
Sept05	2023-09-05 07:56:47		14351.827	Live observation	NA	NA	NA	DM1-18a	BR_B	BR	START	3089.213	NA	NA	NA	
Sept05	2023-09-05 07:56:47		14351.827	Live observation	NA	NA	NA	DM1-18a	BR_B	BR	STOP	3093.106	NA	NA	NA	
Sept05	2023-09-05 07:56:47		14351.827	Live observation	NA	NA	NA	DM1-18a	BR_A	BR	START	3093.106	NA	NA	NA	
Sept05	2023-09-05 07:56:47		14351.827	Live observation	NA	NA	NA	DM1-18a	TWRL_A	TWRL	START	3093.326	NA	NA	NA	
Sept05	2023-09-05 07:56:47		14351.827	Live observation	NA	NA	NA	DM1-18a	TWRL_A	TWRL	STOP	3098.053	NA	NA	NA	
Sept05	2023-09-05 07:56:47		14351.827	Live observation	NA	NA	NA	DM1-18a	BR_A	BR	STOP	3098.292	NA	NA	NA	
Sept05	2023-09-05 07:56:47		14351.827	Live observation	NA	NA	NA	DM1-20a	BR_D	BR	START	3112.785	NA	NA	NA	
Sept05	2023-09-05 07:56:47		14351.827	Live observation	NA	NA	NA	DM1-20a	BR_D	BR	STOP	3235.938	NA	NA	NA	
Sept05	2023-09-05 07:56:47		14351.827	Live observation	NA	NA	NA	DM1-20a	BR_C	BR	START	3243.310	NA	NA	NA	
Sept05	2023-09-05 07:56:47		14351.827	Live observation	NA	NA	NA	DMO-16	BR_B	BR	START	3268.418	NA	NA	NA	
Sept05	2023-09-05 07:56:47		14351.827	Live observation	NA	NA	NA	DMO-16	BR_B	BR	STOP	3301.801	NA	NA	NA	
Sept05	2023-09-05 07:56:47		14351.827	Live observation	NA	NA	NA	DM1-20a	BR_C	BR	STOP	3307.912	NA	NA	NA	
Sept05	2023-09-05 07:56:47		14351.827	Live observation	NA	NA	NA	DM1-20a	BR_D	BR	START	3307.912	NA	NA	NA	
Sept05	2023-09-05 07:56:47		14351.827	Live observation	NA	NA	NA	DMO-16	BR_B	BR	START	3325.940	NA	NA	NA	
Sept05	2023-09-05 07:56:47		14351.827	Live observation	NA	NA	NA	DMO-16	BR_B	BR	STOP	3370.138	NA	NA	NA	
Sept05	2023-09-05 07:56:47		14351.827	Live observation	NA	NA	NA	DMO-16	BR_A	BR	START	3370.138	NA	NA	NA	
Sept05	2023-09-05 07:56:47		14351.827	Live observation	NA	NA	NA	DMO-10	BR_C	BR	START	3381.095	NA	NA	NA	
Sept05	2023-09-05 07:56:47		14351.827	Live observation	NA	NA	NA	DM1-18a	BR_D	BR	START	3434.836	NA	NA	NA	
Sept05	2023-09-05 07:56:47		14351.827	Live observation	NA	NA	NA	DMO-10	BR_C	BR	STOP	3442.596	NA	NA	NA	
Sept05	2023-09-05 07:56:47		14351.827	Live observation	NA	NA	NA	DMO-16	BR_A	BR	STOP	3460.598	NA	NA	NA	
Sept05	2023-09-05 07:56:47		14351.827	Live observation	NA	NA	NA	DMO-16	BR_C	BR	START	3460.598	NA	NA	NA	
Sept05	2023-09-05 07:56:47		14351.827	Live observation	NA	NA	NA	DMO-10	BR_A	BR	START	3465.229	NA	NA	NA	
Sept05	2023-09-05 07:56:47		14351.827	Live observation	NA	NA	NA	DMO-10	TWRL_A	TWRL	START	3467.231	NA	NA	NA	
Sept05	2023-09-05 07:56:47		14351.827	Live observation	NA	NA	NA	DMO-10	TWRL_A	TWRL	STOP	3472.287	NA	NA	NA	
Sept05	2023-09-05 07:56:47		14351.827	Live observation	NA	NA	NA	DMO-10	BR_A	BR	STOP	3472.620	NA	NA	NA	
Sept05	2023-09-05 07:56:47		14351.827	Live observation	NA	NA	NA	DMO-10	BR_A	BR	START	3482.474	NA	NA	NA	
Sept05	2023-09-05 07:56:47		14351.827	Live observation	NA	NA	NA	DM1-18a	BR_D	BR	STOP	3490.275	NA	NA	NA	
Sept05	2023-09-05 07:56:47		14351.827	Live observation	NA	NA	NA	DMO-16	BR_C	BR	STOP	3513.763	NA	NA	NA	
Sept05	2023-09-05 07:56:47		14351.827	Live observation	NA	NA	NA	DMO-16	BR_C	BR	START	3514.684	NA	NA	NA	
Sept05	2023-09-05 07:56:47		14351.827	Live observation	NA	NA	NA	DM1-20a	BR_D	BR	STOP	3519.524	NA	NA	NA	
Sept05	2023-09-05 07:56:47		14351.827	Live observation	NA	NA	NA	DM1-18a	BR_C	BR	START	3522.504	NA	NA	NA	
Sept05	2023-09-05 07:56:47		14351.827	Live observation	NA	NA	NA	DMO-16	BR_C	BR	STOP	3545.329	NA	NA	NA	
Sept05	2023-09-05 07:56:47		14351.827	Live observation	NA	NA	NA	DMO-16	BR_B	BR	START	3545.329	NA	NA	NA	
Sept05	2023-09-05 07:56:47		14351.827	Live observation	NA	NA	NA	DMO-10	BR_A	BR	STOP	3550.456	NA	NA	NA	
Sept05	2023-09-05 07:56:47		14351.827	Live observation	NA	NA	NA	DMO-10	BR_C	BR	START	3550.456	NA	NA	NA	
Sept05	2023-09-05 07:56:47		14351.827	Live observation	NA	NA	NA	DM1-18a	BR_C	BR	STOP	3557.943	NA	NA	NA	
Sept05	2023-09-05 07:56:47		14351.827	Live observation	NA	NA	NA	DM1-18a	BR_B	BR	START	3557.943	NA	NA	NA	
Sept05	2023-09-05 07:56:47		14351.827	Live observation	NA	NA	NA	DM1-18a	BR_B	BR	STOP	3582.242	NA	NA	NA	
Sept05	2023-09-05 07:56:47		14351.827	Live observation	NA	NA	NA	DM1-18a	BR_C	BR	START	3582.242	NA	NA	NA	
Sept05	2023-09-05 07:56:47		14351.827	Live observation	NA	NA	NA	DM1-18a	BR_C	BR	STOP	3583.078	NA	NA	NA	
Sept05	2023-09-05 07:56:47		14351.827	Live observation	NA	NA	NA	DM1-18a	BR_D	BR	START	3583.078	NA	NA	NA	
Sept05	2023-09-05 07:56:47		14351.827	Live observation	NA	NA	NA	DM1-18a	BR_D	BR	STOP	3596.494	NA	NA	NA	
Sept05	2023-09-05 07:56:47		14351.827	Live observation	NA	NA	NA	DM1-18a	BR_D	BR	START	3672.110	NA	NA	NA	
Sept05	2023-09-05 07:56:47		14351.827	Live observation	NA	NA	NA	DM1-18a	BR_D	BR	STOP	3675.230	NA	NA	NA	
Sept05	2023-09-05 07:56:47		14351.827	Live observation	NA	NA	NA	DM1-18a	BR_C	BR	START	3675.230	NA	NA	NA	
Sept05	2023-09-05 07:56:47		14351.827	Live observation	NA	NA	NA	DMO-16	BR_B	BR	STOP	3743.265	NA	NA	NA	
Sept05	2023-09-05 07:56:47		14351.827	Live observation	NA	NA	NA	DM1-20a	BR_D	BR	START	3755.396	NA	NA	NA	
Sept05	2023-09-05 07:56:47		14351.827	Live observation	NA	NA	NA	DM1-18a	TWRL_D	TWRL	START	3758.315	NA	NA	NA	
Sept05	2023-09-05 07:56:47		14351.827	Live observation	NA	NA	NA	DM1-18a	BR_C	BR	STOP	3759.868	NA	NA	NA	
Sept05	2023-09-05 07:56:47		14351.827	Live observation	NA	NA	NA	DM1-18a	BR_D	BR	START	3759.868	NA	NA	NA	
Sept05	2023-09-05 07:56:47		14351.827	Live observation	NA	NA	NA	DM1-18a	TWRL_D	TWRL	STOP	3768.509	NA	NA	NA	
Sept05	2023-09-05 07:56:47		14351.827	Live observation	NA	NA	NA	DM1-18a	BR_D	BR	STOP	3768.815	NA	NA	NA	
Sept05	2023-09-05 07:56:47		14351.827	Live observation	NA	NA	NA	DM1-18a	BR_C	BR	START	3768.815	NA	NA	NA	
Sept05	2023-09-05 07:56:47		14351.827	Live observation	NA	NA	NA	DMO-10	BR_C	BR	STOP	3786.855	NA	NA	NA	
Sept05	2023-09-05 07:56:47		14351.827	Live observation	NA	NA	NA	DM1-20a	BR_D	BR	STOP	3794.570	NA	NA	NA	
Sept05	2023-09-05 07:56:47		14351.827	Live observation	NA	NA	NA	DM1-20a	BR_C	BR	START	3794.570	NA	NA	NA	
Sept05	2023-09-05 07:56:47		14351.827	Live observation	NA	NA	NA	DM1-18a	BR_C	BR	STOP	3850.765	NA	NA	NA	
Sept05	2023-09-05 07:56:47		14351.827	Live observation	NA	NA	NA	DM1-18a	BR_A	BR	START	3871.246	NA	NA	NA	
Sept05	2023-09-05 07:56:47		14351.827	Live observation	NA	NA	NA	DM1-18a	BR_A	BR	STOP	3887.863	NA	NA	NA	
Sept05	2023-09-05 07:56:47		14351.827	Live observation	NA	NA	NA	DM1-18a	BR_B	BR	START	3912.811	NA	NA	NA	
Sept05	2023-09-05 07:56:47		14351.827	Live observation	NA	NA	NA	DM1-20a	BR_C	BR	STOP	3916.773	NA	NA	NA	
Sept05	2023-09-05 07:56:47		14351.827	Live observation	NA	NA	NA	DM1-18a	BR_B	BR	STOP	3920.913	NA	NA	NA	
Sept05	2023-09-05 07:56:47		14351.827	Live observation	NA	NA	NA	DMO-16	BR_B	BR	START	3949.208	NA	NA	NA	
Sept05	2023-09-05 07:56:47		14351.827	Live observation	NA	NA	NA	DMO-16	BR_B	BR	STOP	4025.365	NA	NA	NA	
Sept05	2023-09-05 07:56:47		14351.827	Live observation	NA	NA	NA	DMO-16	BR_B	BR	START	4028.472	NA	NA	NA	
Sept05	2023-09-05 07:56:47		14351.827	Live observation	NA	NA	NA	DMO-16	BR_B	BR	STOP	4041.506	NA	NA	NA	
Sept05	2023-09-05 07:56:47		14351.827	Live observation	NA	NA	NA	DMO-10	BR_A	BR	START	4049.308	NA	NA	NA	
Sept05	2023-09-05 07:56:47		14351.827	Live observation	NA	NA	NA	DMO-10	BR_A	BR	STOP	4065.150	NA	NA	NA	
Sept05	2023-09-05 07:56:47		14351.827	Live observation	NA	NA	NA	DMO-10	BR_C	BR	START	4121.358	NA	NA	NA	
Sept05	2023-09-05 07:56:47		14351.827	Live observation	NA	NA	NA	DMO-16	BR_C	BR	START	4136.058	NA	NA	NA	
Sept05	2023-09-05 07:56:47		14351.827	Live observation	NA	NA	NA	DMO-10	BR_C	BR	STOP	4143.552	NA	NA	NA	
Sept05	2023-09-05 07:56:47		14351.827	Live observation	NA	NA	NA	DM1-20a	BR_A	BR	START	4149.161	NA	NA	NA	
Sept05	2023-09-05 07:56:47		14351.827	Live observation	NA	NA	NA	DM1-20a	BR_A	BR	STOP	4210.673	NA	NA	NA	
Sept05	2023-09-05 07:56:47		14351.827	Live observation	NA	NA	NA	DM1-20a	BR_C	BR	START	4210.673	NA	NA	NA	
Sept05	2023-09-05 07:56:47		14351.827	Live observation	NA	NA	NA	DMO-9	BR_A	BR	START	4220.254	NA	NA	NA	
Sept05	2023-09-05 07:56:47		14351.827	Live observation	NA	NA	NA	DMO-9	BR_A	BR	STOP	4254.835	NA	NA	NA	
Sept05	2023-09-05 07:56:47		14351.827	Live observation	NA	NA	NA	DMO-16	BR_C	BR	STOP	4260.613	NA	NA	NA	
Sept05	2023-09-05 07:56:47		14351.827	Live observation	NA	NA	NA	DM1-20a	BR_C	BR	STOP	4269.622	NA	NA	NA	
Sept05	2023-09-05 07:56:47		14351.827	Live observation	NA	NA	NA	DM1-20a	BR_D	BR	START	4269.622	NA	NA	NA	
Sept05	2023-09-05 07:56:47		14351.827	Live observation	NA	NA	NA	DM1-20a	BR_D	BR	STOP	4274.645	NA	NA	NA	
Sept05	2023-09-05 07:56:47		14351.827	Live observation	NA	NA	NA	DM1-20a	BR_C	BR	START	4274.645	NA	NA	NA	
Sept05	2023-09-05 07:56:47		14351.827	Live observation	NA	NA	NA	DM1-20a	BR_C	BR	STOP	4320.491	NA	NA	NA	
Sept05	2023-09-05 07:56:47		14351.827	Live observation	NA	NA	NA	DM1-20a	BR_C	BR	START	4323.888	NA	NA	NA	
Sept05	2023-09-05 07:56:47		14351.827	Live observation	NA	NA	NA	DM1-20a	BR_C	BR	STOP	4373.119	NA	NA	NA	
Sept05	2023-09-05 07:56:47		14351.827	Live observation	NA	NA	NA	DM1-20a	BR_D	BR	START	4373.119	NA	NA	NA	
Sept05	2023-09-05 07:56:47		14351.827	Live observation	NA	NA	NA	DM1-20a	BR_D	BR	STOP	4396.121	NA	NA	NA	
Sept05	2023-09-05 07:56:47		14351.827	Live observation	NA	NA	NA	DM1-20a	BR_C	BR	START	4407.085	NA	NA	NA	
Sept05	2023-09-05 07:56:47		14351.827	Live observation	NA	NA	NA	DMO-9	BR_A	BR	START	4413.242	NA	NA	NA	
Sept05	2023-09-05 07:56:47		14351.827	Live observation	NA	NA	NA	DM1-20a	BR_C	BR	STOP	4446.974	NA	NA	NA	
Sept05	2023-09-05 07:56:47		14351.827	Live observation	NA	NA	NA	DMO-9	BR_A	BR	STOP	4494.655	NA	NA	NA	
Sept05	2023-09-05 07:56:47		14351.827	Live observation	NA	NA	NA	DM1-20a	BR_C	BR	START	4533.622	NA	NA	NA	
Sept05	2023-09-05 07:56:47		14351.827	Live observation	NA	NA	NA	DM1-20a	BR_C	BR	STOP	4564.563	NA	NA	NA	
Sept05	2023-09-05 07:56:47		14351.827	Live observation	NA	NA	NA	DM1-20a	BR_D	BR	START	4564.563	NA	NA	NA	
Sept05	2023-09-05 07:56:47		14351.827	Live observation	NA	NA	NA	DM1-20a	BR_D	BR	STOP	4582.426	NA	NA	NA	
Sept05	2023-09-05 07:56:47		14351.827	Live observation	NA	NA	NA	DM1-20a	BR_C	BR	START	4582.426	NA	NA	NA	
Sept05	2023-09-05 07:56:47		14351.827	Live observation	NA	NA	NA	DMO-10	BR_D	BR	START	4616.651	NA	NA	NA	
Sept05	2023-09-05 07:56:47		14351.827	Live observation	NA	NA	NA	DMO-10	BR_D	BR	STOP	4668.610	NA	NA	NA	
Sept05	2023-09-05 07:56:47		14351.827	Live observation	NA	NA	NA	DMO-10	BR_C	BR	START	4698.600	NA	NA	NA	
Sept05	2023-09-05 07:56:47		14351.827	Live observation	NA	NA	NA	DMO-9	BR_A	BR	START	4705.227	NA	NA	NA	
Sept05	2023-09-05 07:56:47		14351.827	Live observation	NA	NA	NA	DM1-20a	BR_C	BR	STOP	4711.057	NA	NA	NA	
Sept05	2023-09-05 07:56:47		14351.827	Live observation	NA	NA	NA	DMO-10	BR_C	BR	STOP	4715.483	NA	NA	NA	
Sept05	2023-09-05 07:56:47		14351.827	Live observation	NA	NA	NA	DMO-10	BR_C	BR	START	4723.143	NA	NA	NA	
Sept05	2023-09-05 07:56:47		14351.827	Live observation	NA	NA	NA	DMO-16	BR_C	BR	START	4807.703	NA	NA	NA	
Sept05	2023-09-05 07:56:47		14351.827	Live observation	NA	NA	NA	DMO-10	BR_C	BR	STOP	4831.001	NA	NA	NA	
Sept05	2023-09-05 07:56:47		14351.827	Live observation	NA	NA	NA	DMO-10	BR_A	BR	START	4831.001	NA	NA	NA	
Sept05	2023-09-05 07:56:47		14351.827	Live observation	NA	NA	NA	DMO-9	BR_A	BR	STOP	4837.613	NA	NA	NA	
Sept05	2023-09-05 07:56:47		14351.827	Live observation	NA	NA	NA	DMO-10	BR_A	BR	STOP	4851.086	NA	NA	NA	
Sept05	2023-09-05 07:56:47		14351.827	Live observation	NA	NA	NA	DMO-16	BR_C	BR	STOP	4866.305	NA	NA	NA	
Sept05	2023-09-05 07:56:47		14351.827	Live observation	NA	NA	NA	DMO-10	BR_A	BR	START	4876.342	NA	NA	NA	
Sept05	2023-09-05 07:56:47		14351.827	Live observation	NA	NA	NA	DM1-18a	BR_A	BR	START	4910.421	NA	NA	NA	
Sept05	2023-09-05 07:56:47		14351.827	Live observation	NA	NA	NA	DMO-10	BR_A	BR	STOP	4921.279	NA	NA	NA	
Sept05	2023-09-05 07:56:47		14351.827	Live observation	NA	NA	NA	DMO-10	BR_A	BR	START	4925.979	NA	NA	NA	
Sept05	2023-09-05 07:56:47		14351.827	Live observation	NA	NA	NA	DM1-18a	BR_A	BR	STOP	4929.967	NA	NA	NA	
Sept05	2023-09-05 07:56:47		14351.827	Live observation	NA	NA	NA	DMO-16	BR_B	BR	START	4953.056	NA	NA	NA	
Sept05	2023-09-05 07:56:47		14351.827	Live observation	NA	NA	NA	DMO-16	BR_B	BR	STOP	5002.897	NA	NA	NA	
Sept05	2023-09-05 07:56:47		14351.827	Live observation	NA	NA	NA	DMO-16	BR_A	BR	START	5002.897	NA	NA	NA	
Sept05	2023-09-05 07:56:47		14351.827	Live observation	NA	NA	NA	DMO-10	BR_A	BR	STOP	5032.899	NA	NA	NA	
Sept05	2023-09-05 07:56:47		14351.827	Live observation	NA	NA	NA	DMO-10	BR_A	BR	START	5042.056	NA	NA	NA	
Sept05	2023-09-05 07:56:47		14351.827	Live observation	NA	NA	NA	DMO-16	BR_A	BR	STOP	5054.438	NA	NA	NA	
Sept05	2023-09-05 07:56:47		14351.827	Live observation	NA	NA	NA	DMO-9	BR_A	BR	START	5064.150	NA	NA	NA	
Sept05	2023-09-05 07:56:47		14351.827	Live observation	NA	NA	NA	DMO-10	BR_A	BR	STOP	5078.272	NA	NA	NA	
Sept05	2023-09-05 07:56:47		14351.827	Live observation	NA	NA	NA	DMO-10	BR_C	BR	START	5113.579	NA	NA	NA	
Sept05	2023-09-05 07:56:47		14351.827	Live observation	NA	NA	NA	DMO-9	BR_A	BR	STOP	5143.544	NA	NA	NA	
Sept05	2023-09-05 07:56:47		14351.827	Live observation	NA	NA	NA	DM1-20a	BR_D	BR	START	5153.781	NA	NA	NA	
Sept05	2023-09-05 07:56:47		14351.827	Live observation	NA	NA	NA	DM1-20a	BR_D	BR	STOP	5227.183	NA	NA	NA	
Sept05	2023-09-05 07:56:47		14351.827	Live observation	NA	NA	NA	DM1-20a	BR_C	BR	START	5227.183	NA	NA	NA	
Sept05	2023-09-05 07:56:47		14351.827	Live observation	NA	NA	NA	DM1-20a	BR_C	BR	STOP	5347.213	NA	NA	NA	
Sept05	2023-09-05 07:56:47		14351.827	Live observation	NA	NA	NA	DM1-20a	BR_C	BR	START	5369.224	NA	NA	NA	
Sept05	2023-09-05 07:56:47		14351.827	Live observation	NA	NA	NA	DMO-9	BR_A	BR	START	5597.228	NA	NA	NA	
Sept05	2023-09-05 07:56:47		14351.827	Live observation	NA	NA	NA	DM1-20a	BR_C	BR	STOP	5600.954	NA	NA	NA	
Sept05	2023-09-05 07:56:47		14351.827	Live observation	NA	NA	NA	DM1-20a	BR_C	BR	START	5682.996	NA	NA	NA	
Sept05	2023-09-05 07:56:47		14351.827	Live observation	NA	NA	NA	DM1-20a	BR_C	BR	STOP	5685.453	NA	NA	NA	
Sept05	2023-09-05 07:56:47		14351.827	Live observation	NA	NA	NA	DM1-20a	BR_D	BR	START	5685.453	NA	NA	NA	
Sept05	2023-09-05 07:56:47		14351.827	Live observation	NA	NA	NA	DM1-20a	BR_D	BR	STOP	5687.532	NA	NA	NA	
Sept05	2023-09-05 07:56:47		14351.827	Live observation	NA	NA	NA	DM1-20a	BR_C	BR	START	5687.532	NA	NA	NA	
Sept05	2023-09-05 07:56:47		14351.827	Live observation	NA	NA	NA	DMO-10	BR_C	BR	STOP	5697.224	NA	NA	NA	
Sept05	2023-09-05 07:56:47		14351.827	Live observation	NA	NA	NA	DMO-10	BR_C	BR	START	5698.022	NA	NA	NA	
Sept05	2023-09-05 07:56:47		14351.827	Live observation	NA	NA	NA	DM1-20a	BR_C	BR	STOP	5753.288	NA	NA	NA	
Sept05	2023-09-05 07:56:47		14351.827	Live observation	NA	NA	NA	DMO-9	BR_A	BR	STOP	5778.103	NA	NA	NA	
Sept05	2023-09-05 07:56:47		14351.827	Live observation	NA	NA	NA	DMO-10	BR_C	BR	STOP	5846.657	NA	NA	NA	
Sept05	2023-09-05 07:56:47		14351.827	Live observation	NA	NA	NA	DMO-10	BR_C	BR	START	6271.320	NA	NA	NA	
Sept05	2023-09-05 07:56:47		14351.827	Live observation	NA	NA	NA	DMO-13a	BR_D	BR	START	6311.829	NA	NA	NA	
Sept05	2023-09-05 07:56:47		14351.827	Live observation	NA	NA	NA	DMO-10	BR_C	BR	STOP	6316.726	NA	NA	NA	
Sept05	2023-09-05 07:56:47		14351.827	Live observation	NA	NA	NA	DMO-13a	BR_D	BR	STOP	6347.421	NA	NA	NA	
Sept05	2023-09-05 07:56:47		14351.827	Live observation	NA	NA	NA	DMO-13a	BR_A	BR	START	6357.886	NA	NA	NA	
Sept05	2023-09-05 07:56:47		14351.827	Live observation	NA	NA	NA	DMO-13a	BR_A	BR	STOP	6375.911	NA	NA	NA	
Sept05	2023-09-05 07:56:47		14351.827	Live observation	NA	NA	NA	DMO-10	BR_D	BR	START	6489.254	NA	NA	NA	
Sept05	2023-09-05 07:56:47		14351.827	Live observation	NA	NA	NA	DMO-10	BR_D	BR	STOP	6514.583	NA	NA	NA	
Sept05	2023-09-05 07:56:47		14351.827	Live observation	NA	NA	NA	DMO-10	BR_D	BR	START	6536.050	NA	NA	NA	
Sept05	2023-09-05 07:56:47		14351.827	Live observation	NA	NA	NA	DMO-10	BR_D	BR	STOP	6561.272	NA	NA	NA	
Sept05	2023-09-05 07:56:47		14351.827	Live observation	NA	NA	NA	DMO-10	BR_C	BR	START	6561.272	NA	NA	NA	
Sept05	2023-09-05 07:56:47		14351.827	Live observation	NA	NA	NA	DMO-10	BR_C	BR	STOP	6636.754	NA	NA	NA	
Sept05	2023-09-05 07:56:47		14351.827	Live observation	NA	NA	NA	DMO-10	BR_A	BR	START	6671.711	NA	NA	NA	
Sept05	2023-09-05 07:56:47		14351.827	Live observation	NA	NA	NA	DMO-10	BKFL_E	BKFL	START	6680.908	NA	NA	NA	
Sept05	2023-09-05 07:56:47		14351.827	Live observation	NA	NA	NA	DMO-10	BKFL_E	BKFL	STOP	6681.950	NA	NA	NA	
Sept05	2023-09-05 07:56:47		14351.827	Live observation	NA	NA	NA	DMO-10	BR_A	BR	STOP	6711.378	NA	NA	NA	
Sept05	2023-09-05 07:56:47		14351.827	Live observation	NA	NA	NA	DMO-10	BR_A	BR	START	6718.472	NA	NA	NA	
Sept05	2023-09-05 07:56:47		14351.827	Live observation	NA	NA	NA	DMO-10	BR_A	BR	STOP	6746.692	NA	NA	NA	
Sept05	2023-09-05 07:56:47		14351.827	Live observation	NA	NA	NA	DMO-10	BR_C	BR	START	6746.692	NA	NA	NA	
Sept05	2023-09-05 07:56:47		14351.827	Live observation	NA	NA	NA	DMO-10	BR_C	BR	STOP	6865.438	NA	NA	NA	
Sept05	2023-09-05 07:56:47		14351.827	Live observation	NA	NA	NA	DMO-8	BR_A	BR	START	7018.516	NA	NA	NA	
Sept05	2023-09-05 07:56:47		14351.827	Live observation	NA	NA	NA	DMO-8	BR_A	BR	STOP	7058.599	NA	NA	NA	
Sept05	2023-09-05 07:56:47		14351.827	Live observation	NA	NA	NA	DMO-8	BR_B	BR	START	7076.137	NA	NA	NA	
Sept05	2023-09-05 07:56:47		14351.827	Live observation	NA	NA	NA	DMO-8	BR_B	BR	STOP	7102.214	NA	NA	NA	
Sept05	2023-09-05 07:56:47		14351.827	Live observation	NA	NA	NA	DMO-8	BR_A	BR	START	7102.214	NA	NA	NA	
Sept05	2023-09-05 07:56:47		14351.827	Live observation	NA	NA	NA	DMO-8	BR_A	BR	STOP	7145.349	NA	NA	NA	
Sept05	2023-09-05 07:56:47		14351.827	Live observation	NA	NA	NA	DMO-10	BR_C	BR	START	7149.117	NA	NA	NA	
Sept05	2023-09-05 07:56:47		14351.827	Live observation	NA	NA	NA	DMO-10	BR_C	BR	STOP	7195.550	NA	NA	NA	
Sept05	2023-09-05 07:56:47		14351.827	Live observation	NA	NA	NA	DMO-9	BR_A	BR	START	7201.020	NA	NA	NA	
Sept05	2023-09-05 07:56:47		14351.827	Live observation	NA	NA	NA	DMO-9	BR_A	BR	STOP	7232.230	NA	NA	NA	
Sept05	2023-09-05 07:56:47		14351.827	Live observation	NA	NA	NA	DMO-8	BR_A	BR	START	7257.028	NA	NA	NA	
Sept05	2023-09-05 07:56:47		14351.827	Live observation	NA	NA	NA	DMO-8	BR_A	BR	STOP	7289.931	NA	NA	NA	
Sept05	2023-09-05 07:56:47		14351.827	Live observation	NA	NA	NA	DMO-8	BR_A	BR	START	7356.832	NA	NA	NA	
Sept05	2023-09-05 07:56:47		14351.827	Live observation	NA	NA	NA	DMO-8	BR_A	BR	STOP	7377.443	NA	NA	NA	
Sept05	2023-09-05 07:56:47		14351.827	Live observation	NA	NA	NA	DMO-8	BR_B	BR	START	7377.443	NA	NA	NA	
Sept05	2023-09-05 07:56:47		14351.827	Live observation	NA	NA	NA	DMO-8	BR_B	BR	STOP	7378.816	NA	NA	NA	
Sept05	2023-09-05 07:56:47		14351.827	Live observation	NA	NA	NA	DMO-8	BR_A	BR	START	7378.816	NA	NA	NA	
Sept05	2023-09-05 07:56:47		14351.827	Live observation	NA	NA	NA	DMO-8	BR_A	BR	STOP	7403.721	NA	NA	NA	
Sept05	2023-09-05 07:56:47		14351.827	Live observation	NA	NA	NA	DMO-8	BR_A	BR	START	7422.923	NA	NA	NA	
Sept05	2023-09-05 07:56:47		14351.827	Live observation	NA	NA	NA	DMO-8	BR_A	BR	STOP	7464.621	NA	NA	NA	
Sept05	2023-09-05 07:56:47		14351.827	Live observation	NA	NA	NA	DMO-8	BR_B	BR	START	7464.621	NA	NA	NA	
Sept05	2023-09-05 07:56:47		14351.827	Live observation	NA	NA	NA	DMO-10	BR_D	BR	START	7476.688	NA	NA	NA	
Sept05	2023-09-05 07:56:47		14351.827	Live observation	NA	NA	NA	DMO-8	BR_B	BR	STOP	7483.051	NA	NA	NA	
Sept05	2023-09-05 07:56:47		14351.827	Live observation	NA	NA	NA	DMO-10	BR_D	BR	STOP	7503.503	NA	NA	NA	
Sept05	2023-09-05 07:56:47		14351.827	Live observation	NA	NA	NA	DMO-10	BR_C	BR	START	7503.503	NA	NA	NA	
Sept05	2023-09-05 07:56:47		14351.827	Live observation	NA	NA	NA	DMO-9	BR_A	BR	START	7533.100	NA	NA	NA	
Sept05	2023-09-05 07:56:47		14351.827	Live observation	NA	NA	NA	DMO-9	BR_A	BR	STOP	7547.084	NA	NA	NA	
Sept05	2023-09-05 07:56:47		14351.827	Live observation	NA	NA	NA	DMO-10	BR_C	BR	STOP	7586.987	NA	NA	NA	
Sept05	2023-09-05 07:56:47		14351.827	Live observation	NA	NA	NA	DMO-10	BR_D	BR	START	7604.183	NA	NA	NA	
Sept05	2023-09-05 07:56:47		14351.827	Live observation	NA	NA	NA	DMO-10	BR_D	BR	STOP	7625.463	NA	NA	NA	
Sept05	2023-09-05 07:56:47		14351.827	Live observation	NA	NA	NA	DMO-13a	BR_D	BR	START	7916.484	NA	NA	NA	
Sept05	2023-09-05 07:56:47		14351.827	Live observation	NA	NA	NA	DMO-13a	BR_D	BR	STOP	7935.636	NA	NA	NA	
Sept05	2023-09-05 07:56:47		14351.827	Live observation	NA	NA	NA	DMO-13a	BR_A	BR	START	7985.435	NA	NA	NA	
Sept05	2023-09-05 07:56:47		14351.827	Live observation	NA	NA	NA	DMO-13a	BR_A	BR	STOP	7996.892	NA	NA	NA	
Sept05	2023-09-05 07:56:47		14351.827	Live observation	NA	NA	NA	DMO-16	BR_B	BR	START	8034.509	NA	NA	NA	
Sept05	2023-09-05 07:56:47		14351.827	Live observation	NA	NA	NA	DMO-16	BR_B	BR	STOP	8100.143	NA	NA	NA	
Sept05	2023-09-05 07:56:47		14351.827	Live observation	NA	NA	NA	DMO-16	BR_C	BR	START	8223.695	NA	NA	NA	
Sept05	2023-09-05 07:56:47		14351.827	Live observation	NA	NA	NA	DMO-16	BR_C	BR	STOP	8259.999	NA	NA	NA	
Sept05	2023-09-05 07:56:47		14351.827	Live observation	NA	NA	NA	DMO-16	BR_C	BR	START	8288.311	NA	NA	NA	
Sept05	2023-09-05 07:56:47		14351.827	Live observation	NA	NA	NA	DMO-16	BR_C	BR	STOP	8363.762	NA	NA	NA	
Sept05	2023-09-05 07:56:47		14351.827	Live observation	NA	NA	NA	DMO-16	BR_A	BR	START	8371.945	NA	NA	NA	
Sept05	2023-09-05 07:56:47		14351.827	Live observation	NA	NA	NA	DMO-16	BR_A	BR	STOP	8379.545	NA	NA	NA	
Sept05	2023-09-05 07:56:47		14351.827	Live observation	NA	NA	NA	DMO-16	BR_B	BR	START	8379.545	NA	NA	NA	
Sept05	2023-09-05 07:56:47		14351.827	Live observation	NA	NA	NA	DMO-16	BR_B	BR	STOP	8416.530	NA	NA	NA	
Sept05	2023-09-05 07:56:47		14351.827	Live observation	NA	NA	NA	DMO-16	BR_B	BR	START	8513.359	NA	NA	NA	
Sept05	2023-09-05 07:56:47		14351.827	Live observation	NA	NA	NA	DMO-16	BR_B	BR	STOP	8579.227	NA	NA	NA	
Sept05	2023-09-05 07:56:47		14351.827	Live observation	NA	NA	NA	DMO-16	BR_B	BR	START	8705.859	NA	NA	NA	
Sept05	2023-09-05 07:56:47		14351.827	Live observation	NA	NA	NA	DMO-16	BR_B	BR	STOP	8902.558	NA	NA	NA	
Sept05	2023-09-05 07:56:47		14351.827	Live observation	NA	NA	NA	DMO-16	BR_C	BR	START	8980.786	NA	NA	NA	
Sept05	2023-09-05 07:56:47		14351.827	Live observation	NA	NA	NA	DMO-16	BR_C	BR	STOP	9051.950	NA	NA	NA	
Sept05	2023-09-05 07:56:47		14351.827	Live observation	NA	NA	NA	DMO-13	BR_A	BR	START	9545.511	NA	NA	NA	
Sept05	2023-09-05 07:56:47		14351.827	Live observation	NA	NA	NA	DMO-13	BR_A	BR	STOP	9595.991	NA	NA	NA	
Sept05	2023-09-05 07:56:47		14351.827	Live observation	NA	NA	NA	DMO-13	BR_A	BR	START	9617.841	NA	NA	NA	
Sept05	2023-09-05 07:56:47		14351.827	Live observation	NA	NA	NA	DMO-13	BR_A	BR	STOP	9643.494	NA	NA	NA	
Sept05	2023-09-05 07:56:47		14351.827	Live observation	NA	NA	NA	DMO-10	BR_C	BR	START	9733.613	NA	NA	NA	
Sept05	2023-09-05 07:56:47		14351.827	Live observation	NA	NA	NA	DMO-10	BR_C	BR	STOP	9761.954	NA	NA	NA	
Sept05	2023-09-05 07:56:47		14351.827	Live observation	NA	NA	NA	DMO-16	BR_A	BR	START	9769.156	NA	NA	NA	
Sept05	2023-09-05 07:56:47		14351.827	Live observation	NA	NA	NA	DMO-16	BR_A	BR	STOP	9789.098	NA	NA	NA	
Sept05	2023-09-05 07:56:47		14351.827	Live observation	NA	NA	NA	DMO-16	BR_B	BR	START	9790.966	NA	NA	NA	
Sept05	2023-09-05 07:56:47		14351.827	Live observation	NA	NA	NA	DMO-13	BR_A	BR	START	9922.633	NA	NA	NA	
Sept05	2023-09-05 07:56:47		14351.827	Live observation	NA	NA	NA	DMO-14	BR_C	BR	START	9961.052	NA	NA	NA	
Sept05	2023-09-05 07:56:47		14351.827	Live observation	NA	NA	NA	DMO-16	BR_B	BR	STOP	9969.548	NA	NA	NA	
Sept05	2023-09-05 07:56:47		14351.827	Live observation	NA	NA	NA	DMO-13	BR_A	BR	STOP	9985.073	NA	NA	NA	
Sept05	2023-09-05 07:56:47		14351.827	Live observation	NA	NA	NA	DMO-14	BR_C	BR	STOP	9991.578	NA	NA	NA	
Sept05	2023-09-05 07:56:47		14351.827	Live observation	NA	NA	NA	DMO-13	BR_A	BR	START	10010.444	NA	NA	NA	
Sept05	2023-09-05 07:56:47		14351.827	Live observation	NA	NA	NA	DMO-13	BR_A	BR	STOP	10032.592	NA	NA	NA	
Sept05	2023-09-05 07:56:47		14351.827	Live observation	NA	NA	NA	DMO-13	BR_B	BR	START	10032.592	NA	NA	NA	
Sept05	2023-09-05 07:56:47		14351.827	Live observation	NA	NA	NA	DMO-13	BR_B	BR	STOP	10035.518	NA	NA	NA	
Sept05	2023-09-05 07:56:47		14351.827	Live observation	NA	NA	NA	DMO-13	BR_A	BR	START	10035.518	NA	NA	NA	
Sept05	2023-09-05 07:56:47		14351.827	Live observation	NA	NA	NA	DMO-13	BR_A	BR	STOP	10060.334	NA	NA	NA	
Sept05	2023-09-05 07:56:47		14351.827	Live observation	NA	NA	NA	DMO-16	BR_D	BR	START	10069.958	NA	NA	NA	
Sept05	2023-09-05 07:56:47		14351.827	Live observation	NA	NA	NA	DMO-16	BR_D	BR	STOP	10077.302	NA	NA	NA	
Sept05	2023-09-05 07:56:47		14351.827	Live observation	NA	NA	NA	DMO-16	BR_B	BR	START	10077.604	NA	NA	NA	
Sept05	2023-09-05 07:56:47		14351.827	Live observation	NA	NA	NA	DMO-14	BR_C	BR	START	10151.158	NA	NA	NA	
Sept05	2023-09-05 07:56:47		14351.827	Live observation	NA	NA	NA	DMO-16	BR_B	BR	STOP	10164.595	NA	NA	NA	
Sept05	2023-09-05 07:56:47		14351.827	Live observation	NA	NA	NA	DMO-16	BR_A	BR	START	10164.595	NA	NA	NA	
Sept05	2023-09-05 07:56:47		14351.827	Live observation	NA	NA	NA	DMO-14	BR_C	BR	STOP	10201.948	NA	NA	NA	
Sept05	2023-09-05 07:56:47		14351.827	Live observation	NA	NA	NA	DMO-14	BR_C	BR	START	10204.679	NA	NA	NA	
Sept05	2023-09-05 07:56:47		14351.827	Live observation	NA	NA	NA	DMO-14	BR_C	BR	STOP	10220.642	NA	NA	NA	
Sept05	2023-09-05 07:56:47		14351.827	Live observation	NA	NA	NA	DMO-16	BR_A	BR	STOP	10295.158	NA	NA	NA	
Sept05	2023-09-05 07:56:47		14351.827	Live observation	NA	NA	NA	DMO-16	BR_C	BR	START	10298.139	NA	NA	NA	
Sept05	2023-09-05 07:56:47		14351.827	Live observation	NA	NA	NA	DMO-14	BR_C	BR	START	10304.618	NA	NA	NA	
Sept05	2023-09-05 07:56:47		14351.827	Live observation	NA	NA	NA	DMO-14	BR_C	BR	STOP	10361.932	NA	NA	NA	
Sept05	2023-09-05 07:56:47		14351.827	Live observation	NA	NA	NA	DMO-16	BR_C	BR	STOP	10372.882	NA	NA	NA	
Sept05	2023-09-05 07:56:47		14351.827	Live observation	NA	NA	NA	DMO-16	BR_C	BR	START	10466.920	NA	NA	NA	
Sept05	2023-09-05 07:56:47		14351.827	Live observation	NA	NA	NA	DMO-14	BR_A	BR	START	10491.399	NA	NA	NA	
Sept05	2023-09-05 07:56:47		14351.827	Live observation	NA	NA	NA	DMO-14	BR_A	BR	STOP	10502.700	NA	NA	NA	
Sept05	2023-09-05 07:56:47		14351.827	Live observation	NA	NA	NA	DMO-14	BR_C	BR	START	10549.959	NA	NA	NA	
Sept05	2023-09-05 07:56:47		14351.827	Live observation	NA	NA	NA	DMO-14	BR_C	BR	STOP	10585.111	NA	NA	NA	
Sept05	2023-09-05 07:56:47		14351.827	Live observation	NA	NA	NA	DMO-16	BR_C	BR	STOP	10600.407	NA	NA	NA	
Sept05	2023-09-05 07:56:47		14351.827	Live observation	NA	NA	NA	DMO-16	BR_C	BR	START	10613.958	NA	NA	NA	
Sept05	2023-09-05 07:56:47		14351.827	Live observation	NA	NA	NA	DMO-14	BR_D	BR	START	10661.292	NA	NA	NA	
Sept05	2023-09-05 07:56:47		14351.827	Live observation	NA	NA	NA	DMO-16	BR_C	BR	STOP	10666.979	NA	NA	NA	
Sept05	2023-09-05 07:56:47		14351.827	Live observation	NA	NA	NA	DMO-14	BR_D	BR	STOP	10684.111	NA	NA	NA	
Sept05	2023-09-05 07:56:47		14351.827	Live observation	NA	NA	NA	DMO-16	BR_A	BR	START	10737.360	NA	NA	NA	
Sept05	2023-09-05 07:56:47		14351.827	Live observation	NA	NA	NA	DMO-16	BR_A	BR	STOP	10778.970	NA	NA	NA	
Sept05	2023-09-05 07:56:47		14351.827	Live observation	NA	NA	NA	DMO-16	BR_C	BR	START	10778.970	NA	NA	NA	
Sept05	2023-09-05 07:56:47		14351.827	Live observation	NA	NA	NA	DMO-16	BR_C	BR	STOP	10813.001	NA	NA	NA	
Sept05	2023-09-05 07:56:47		14351.827	Live observation	NA	NA	NA	DMO-16	BR_C	BR	START	10816.398	NA	NA	NA	
Sept05	2023-09-05 07:56:47		14351.827	Live observation	NA	NA	NA	DM1-20a	BR_A	BR	START	10921.057	NA	NA	NA	
Sept05	2023-09-05 07:56:47		14351.827	Live observation	NA	NA	NA	DMO-16	BR_C	BR	STOP	10924.918	NA	NA	NA	
Sept05	2023-09-05 07:56:47		14351.827	Live observation	NA	NA	NA	DM1-20a	BR_A	BR	STOP	10940.208	NA	NA	NA	
Sept05	2023-09-05 07:56:47		14351.827	Live observation	NA	NA	NA	DMO-14	BR_C	BR	START	10958.060	NA	NA	NA	
Sept05	2023-09-05 07:56:47		14351.827	Live observation	NA	NA	NA	DMO-14	BR_C	BR	STOP	10983.883	NA	NA	NA	
Sept05	2023-09-05 07:56:47		14351.827	Live observation	NA	NA	NA	DM1-20a	BR_A	BR	START	10999.541	NA	NA	NA	
Sept05	2023-09-05 07:56:47		14351.827	Live observation	NA	NA	NA	DM1-20a	BR_A	BR	STOP	11023.565	NA	NA	NA	
Sept05	2023-09-05 07:56:47		14351.827	Live observation	NA	NA	NA	DMO-16	BR_B	BR	START	11044.694	NA	NA	NA	
Sept05	2023-09-05 07:56:47		14351.827	Live observation	NA	NA	NA	DMO-16	BR_B	BR	STOP	11060.604	NA	NA	NA	
Sept05	2023-09-05 07:56:47		14351.827	Live observation	NA	NA	NA	DMO-16	BR_A	BR	START	11060.604	NA	NA	NA	
Sept05	2023-09-05 07:56:47		14351.827	Live observation	NA	NA	NA	DMO-8	BR_A	BR	START	11069.473	NA	NA	NA	
Sept05	2023-09-05 07:56:47		14351.827	Live observation	NA	NA	NA	DMO-8	BR_A	BR	STOP	11097.490	NA	NA	NA	
Sept05	2023-09-05 07:56:47		14351.827	Live observation	NA	NA	NA	DM1-20a	BR_C	BR	START	11157.896	NA	NA	NA	
Sept05	2023-09-05 07:56:47		14351.827	Live observation	NA	NA	NA	DM1-20a	BR_C	BR	STOP	11183.312	NA	NA	NA	
Sept05	2023-09-05 07:56:47		14351.827	Live observation	NA	NA	NA	DMO-16	BR_A	BR	STOP	11280.691	NA	NA	NA	
Sept05	2023-09-05 07:56:47		14351.827	Live observation	NA	NA	NA	DM1-20a	BR_A	BR	START	11364.435	NA	NA	NA	
Sept05	2023-09-05 07:56:47		14351.827	Live observation	NA	NA	NA	DM1-20a	BR_A	BR	STOP	11376.812	NA	NA	NA	
Sept05	2023-09-05 07:56:47		14351.827	Live observation	NA	NA	NA	DMO-8	BR_A	BR	START	11431.592	NA	NA	NA	
Sept05	2023-09-05 07:56:47		14351.827	Live observation	NA	NA	NA	DMO-8	BR_A	BR	STOP	11474.683	NA	NA	NA	
Sept05	2023-09-05 07:56:47		14351.827	Live observation	NA	NA	NA	DMO-8	BR_A	BR	START	11485.267	NA	NA	NA	
Sept05	2023-09-05 07:56:47		14351.827	Live observation	NA	NA	NA	DMO-16	BR_C	BR	START	11511.705	NA	NA	NA	
Sept05	2023-09-05 07:56:47		14351.827	Live observation	NA	NA	NA	DMO-8	BR_A	BR	STOP	11554.522	NA	NA	NA	
Sept05	2023-09-05 07:56:47		14351.827	Live observation	NA	NA	NA	DMO-16	BR_C	BR	STOP	11562.127	NA	NA	NA	
Sept05	2023-09-05 07:56:47		14351.827	Live observation	NA	NA	NA	DM1-20a	BR_D	BR	START	11582.641	NA	NA	NA	
Sept05	2023-09-05 07:56:47		14351.827	Live observation	NA	NA	NA	DMO-16	BR_B	BR	START	11606.115	NA	NA	NA	
Sept05	2023-09-05 07:56:47		14351.827	Live observation	NA	NA	NA	DM1-20a	BR_D	BR	STOP	11613.204	NA	NA	NA	
Sept05	2023-09-05 07:56:47		14351.827	Live observation	NA	NA	NA	DM1-20a	BR_C	BR	START	11613.204	NA	NA	NA	
Sept05	2023-09-05 07:56:47		14351.827	Live observation	NA	NA	NA	DMO-16	BR_B	BR	STOP	11664.072	NA	NA	NA	
Sept05	2023-09-05 07:56:47		14351.827	Live observation	NA	NA	NA	DM1-20a	BR_C	BR	STOP	11741.161	NA	NA	NA	
Sept05	2023-09-05 07:56:47		14351.827	Live observation	NA	NA	NA	DM1-20a	BR_D	BR	START	11741.161	NA	NA	NA	
Sept05	2023-09-05 07:56:47		14351.827	Live observation	NA	NA	NA	DM1-20a	BR_D	BR	STOP	11753.192	NA	NA	NA	
Sept05	2023-09-05 07:56:47		14351.827	Live observation	NA	NA	NA	DM1-20a	BR_C	BR	START	11753.192	NA	NA	NA	
Sept05	2023-09-05 07:56:47		14351.827	Live observation	NA	NA	NA	DMO-8	BR_C	BR	START	11805.006	NA	NA	NA	
Sept05	2023-09-05 07:56:47		14351.827	Live observation	NA	NA	NA	DMO-8	BR_C	BR	STOP	11824.611	NA	NA	NA	
Sept05	2023-09-05 07:56:47		14351.827	Live observation	NA	NA	NA	DMO-8	BR_A	BR	START	11824.611	NA	NA	NA	
Sept05	2023-09-05 07:56:47		14351.827	Live observation	NA	NA	NA	DMO-8	BR_A	BR	STOP	11868.803	NA	NA	NA	
Sept05	2023-09-05 07:56:47		14351.827	Live observation	NA	NA	NA	DM1-20a	BR_C	BR	STOP	11875.064	NA	NA	NA	
Sept05	2023-09-05 07:56:47		14351.827	Live observation	NA	NA	NA	DMO-8	BR_A	BR	START	11878.323	NA	NA	NA	
Sept05	2023-09-05 07:56:47		14351.827	Live observation	NA	NA	NA	DMO-8	BR_A	BR	STOP	11880.213	NA	NA	NA	
Sept05	2023-09-05 07:56:47		14351.827	Live observation	NA	NA	NA	DMO-8	BR_B	BR	START	11880.213	NA	NA	NA	
Sept05	2023-09-05 07:56:47		14351.827	Live observation	NA	NA	NA	DMO-8	BR_B	BR	STOP	11882.363	NA	NA	NA	
Sept05	2023-09-05 07:56:47		14351.827	Live observation	NA	NA	NA	DMO-8	BR_A	BR	START	11882.363	NA	NA	NA	
Sept05	2023-09-05 07:56:47		14351.827	Live observation	NA	NA	NA	DMO-8	BR_A	BR	STOP	11930.362	NA	NA	NA	
Sept05	2023-09-05 07:56:47		14351.827	Live observation	NA	NA	NA	DMO-8	BR_B	BR	START	11930.362	NA	NA	NA	
Sept05	2023-09-05 07:56:47		14351.827	Live observation	NA	NA	NA	DMO-8	BR_B	BR	STOP	11961.810	NA	NA	NA	
Sept05	2023-09-05 07:56:47		14351.827	Live observation	NA	NA	NA	DMO-16	BR_B	BR	START	12088.956	NA	NA	NA	
Sept05	2023-09-05 07:56:47		14351.827	Live observation	NA	NA	NA	DM1-20a	BR_C	BR	START	12097.301	NA	NA	NA	
Sept05	2023-09-05 07:56:47		14351.827	Live observation	NA	NA	NA	DMO-16	BR_B	BR	STOP	12164.240	NA	NA	NA	
Sept05	2023-09-05 07:56:47		14351.827	Live observation	NA	NA	NA	DMO-16	BR_A	BR	START	12164.240	NA	NA	NA	
Sept05	2023-09-05 07:56:47		14351.827	Live observation	NA	NA	NA	DM1-20a	BR_C	BR	STOP	12227.125	NA	NA	NA	
Sept05	2023-09-05 07:56:47		14351.827	Live observation	NA	NA	NA	DM1-20a	BR_A	BR	START	12256.695	NA	NA	NA	
Sept05	2023-09-05 07:56:47		14351.827	Live observation	NA	NA	NA	DMO-16	BR_A	BR	STOP	12271.580	NA	NA	NA	
Sept05	2023-09-05 07:56:47		14351.827	Live observation	NA	NA	NA	DM1-20a	BR_A	BR	STOP	12277.554	NA	NA	NA	
Sept05	2023-09-05 07:56:47		14351.827	Live observation	NA	NA	NA	DMO-16	BR_B	BR	START	12284.585	NA	NA	NA	
Sept05	2023-09-05 07:56:47		14351.827	Live observation	NA	NA	NA	DM1-20a	BR_A	BR	START	12292.352	NA	NA	NA	
Sept05	2023-09-05 07:56:47		14351.827	Live observation	NA	NA	NA	DM1-20a	BR_A	BR	STOP	12313.784	NA	NA	NA	
Sept05	2023-09-05 07:56:47		14351.827	Live observation	NA	NA	NA	DM1-20a	BR_C	BR	START	12327.164	NA	NA	NA	
Sept05	2023-09-05 07:56:47		14351.827	Live observation	NA	NA	NA	DMO-16	BR_B	BR	STOP	12397.115	NA	NA	NA	
Sept05	2023-09-05 07:56:47		14351.827	Live observation	NA	NA	NA	DM1-20a	BR_C	BR	STOP	12467.447	NA	NA	NA	
Sept05	2023-09-05 07:56:47		14351.827	Live observation	NA	NA	NA	DM1-20a	BR_D	BR	START	12526.117	NA	NA	NA	
Sept05	2023-09-05 07:56:47		14351.827	Live observation	NA	NA	NA	DMO-16	BR_C	BR	START	12600.741	NA	NA	NA	
Sept05	2023-09-05 07:56:47		14351.827	Live observation	NA	NA	NA	DM1-20a	BR_D	BR	STOP	12616.320	NA	NA	NA	
Sept05	2023-09-05 07:56:47		14351.827	Live observation	NA	NA	NA	DM1-20a	BR_C	BR	START	12636.054	NA	NA	NA	
Sept05	2023-09-05 07:56:47		14351.827	Live observation	NA	NA	NA	DMO-16	BR_C	BR	STOP	12650.975	NA	NA	NA	
Sept05	2023-09-05 07:56:47		14351.827	Live observation	NA	NA	NA	DM1-20a	BR_C	BR	STOP	12706.191	NA	NA	NA	
Sept05	2023-09-05 07:56:47		14351.827	Live observation	NA	NA	NA	DM1-20a	BR_C	BR	START	12709.074	NA	NA	NA	
Sept05	2023-09-05 07:56:47		14351.827	Live observation	NA	NA	NA	DMO-8	BR_A	BR	START	12724.510	NA	NA	NA	
Sept05	2023-09-05 07:56:47		14351.827	Live observation	NA	NA	NA	DMO-8	BR_A	BR	STOP	12741.181	NA	NA	NA	
Sept05	2023-09-05 07:56:47		14351.827	Live observation	NA	NA	NA	DM1-20a	BR_C	BR	STOP	12766.365	NA	NA	NA	
Sept05	2023-09-05 07:56:47		14351.827	Live observation	NA	NA	NA	DMO-16	BR_B	BR	START	12775.651	NA	NA	NA	
Sept05	2023-09-05 07:56:47		14351.827	Live observation	NA	NA	NA	DMO-8	BR_A	BR	START	12792.206	NA	NA	NA	
Sept05	2023-09-05 07:56:47		14351.827	Live observation	NA	NA	NA	DMO-8	BR_A	BR	STOP	12812.256	NA	NA	NA	
Sept05	2023-09-05 07:56:47		14351.827	Live observation	NA	NA	NA	DMO-8	BR_A	BR	START	12819.628	NA	NA	NA	
Sept05	2023-09-05 07:56:47		14351.827	Live observation	NA	NA	NA	DMO-8	BR_A	BR	STOP	12864.905	NA	NA	NA	
Sept05	2023-09-05 07:56:47		14351.827	Live observation	NA	NA	NA	DMO-16	BR_B	BR	STOP	12916.689	NA	NA	NA	
Sept05	2023-09-05 07:56:47		14351.827	Live observation	NA	NA	NA	DMO-9	BR_A	BR	START	13119.821	NA	NA	NA	
Sept05	2023-09-05 07:56:47		14351.827	Live observation	NA	NA	NA	DMO-9	BR_A	BR	STOP	13222.582	NA	NA	NA	
Sept05	2023-09-05 07:56:47		14351.827	Live observation	NA	NA	NA	DM1-20a	BR_C	BR	START	13238.698	NA	NA	NA	
Sept05	2023-09-05 07:56:47		14351.827	Live observation	NA	NA	NA	DMO-16	BR_B	BR	START	13246.413	NA	NA	NA	
Sept05	2023-09-05 07:56:47		14351.827	Live observation	NA	NA	NA	DM1-20a	BR_C	BR	STOP	13287.985	NA	NA	NA	
Sept05	2023-09-05 07:56:47		14351.827	Live observation	NA	NA	NA	DM1-20a	BR_A	BR	START	13287.985	NA	NA	NA	
Sept05	2023-09-05 07:56:47		14351.827	Live observation	NA	NA	NA	DM1-20a	BR_A	BR	STOP	13329.684	NA	NA	NA	
Sept05	2023-09-05 07:56:47		14351.827	Live observation	NA	NA	NA	DM1-20a	BR_C	BR	START	13331.083	NA	NA	NA	
Sept05	2023-09-05 07:56:47		14351.827	Live observation	NA	NA	NA	DMO-16	BR_B	BR	STOP	13373.860	NA	NA	NA	
Sept05	2023-09-05 07:56:47		14351.827	Live observation	NA	NA	NA	DMO-16	BR_A	BR	START	13473.500	NA	NA	NA	
Sept05	2023-09-05 07:56:47		14351.827	Live observation	NA	NA	NA	DMO-16	BR_A	BR	STOP	13495.331	NA	NA	NA	
Sept05	2023-09-05 07:56:47		14351.827	Live observation	NA	NA	NA	DMO-16	BR_B	BR	START	13495.331	NA	NA	NA	
Sept05	2023-09-05 07:56:47		14351.827	Live observation	NA	NA	NA	DM1-20a	BR_C	BR	STOP	13561.959	NA	NA	NA	
Sept05	2023-09-05 07:56:47		14351.827	Live observation	NA	NA	NA	DM1-20a	BR_A	BR	START	13567.743	NA	NA	NA	
Sept05	2023-09-05 07:56:47		14351.827	Live observation	NA	NA	NA	DM1-20a	TWRL_A	TWRL	START	13607.594	NA	NA	NA	
Sept05	2023-09-05 07:56:47		14351.827	Live observation	NA	NA	NA	DM1-20a	TWRL_A	TWRL	STOP	13612.125	NA	NA	NA	
Sept05	2023-09-05 07:56:47		14351.827	Live observation	NA	NA	NA	DM1-20a	BR_A	BR	STOP	13615.325	NA	NA	NA	
Sept05	2023-09-05 07:56:47		14351.827	Live observation	NA	NA	NA	DM1-20a	BR_C	BR	START	13630.380	NA	NA	NA	
Sept05	2023-09-05 07:56:47		14351.827	Live observation	NA	NA	NA	DMO-16	BR_B	BR	STOP	13658.271	NA	NA	NA	
Sept05	2023-09-05 07:56:47		14351.827	Live observation	NA	NA	NA	DMO-16	BR_C	BR	START	13658.271	NA	NA	NA	
Sept05	2023-09-05 07:56:47		14351.827	Live observation	NA	NA	NA	DMO-16	BR_C	BR	STOP	13669.060	NA	NA	NA	
Sept05	2023-09-05 07:56:47		14351.827	Live observation	NA	NA	NA	DMO-16	BR_C	BR	START	13707.252	NA	NA	NA	
Sept05	2023-09-05 07:56:47		14351.827	Live observation	NA	NA	NA	DMO-16	BR_C	BR	STOP	13764.658	NA	NA	NA	
Sept05	2023-09-05 07:56:47		14351.827	Live observation	NA	NA	NA	DMO-16	BR_B	BR	START	13786.431	NA	NA	NA	
Sept05	2023-09-05 07:56:47		14351.827	Live observation	NA	NA	NA	DM1-20a	BR_C	BR	STOP	13796.921	NA	NA	NA	
Sept05	2023-09-05 07:56:47		14351.827	Live observation	NA	NA	NA	DM1-20a	BR_A	BR	START	13817.920	NA	NA	NA	
Sept05	2023-09-05 07:56:47		14351.827	Live observation	NA	NA	NA	DM1-20a	BR_A	BR	STOP	13851.099	NA	NA	NA	
Sept05	2023-09-05 07:56:47		14351.827	Live observation	NA	NA	NA	DM1-20a	BR_D	BR	START	13881.307	NA	NA	NA	
Sept05	2023-09-05 07:56:47		14351.827	Live observation	NA	NA	NA	DM1-18a	BR_C	BR	START	13887.016	NA	NA	NA	
Sept05	2023-09-05 07:56:47		14351.827	Live observation	NA	NA	NA	DM1-18a	BR_C	BR	STOP	13901.228	NA	NA	NA	
Sept05	2023-09-05 07:56:47		14351.827	Live observation	NA	NA	NA	DM1-20a	BR_D	BR	STOP	13918.220	NA	NA	NA	
Sept05	2023-09-05 07:56:47		14351.827	Live observation	NA	NA	NA	DM1-20a	BR_C	BR	START	13918.220	NA	NA	NA	
Sept05	2023-09-05 07:56:47		14351.827	Live observation	NA	NA	NA	DMO-14	BR_C	BR	START	13945.873	NA	NA	NA	
Sept05	2023-09-05 07:56:47		14351.827	Live observation	NA	NA	NA	DM1-18a	BR_A	BR	START	13970.373	NA	NA	NA	
Sept05	2023-09-05 07:56:47		14351.827	Live observation	NA	NA	NA	DM1-18a	BR_A	BR	STOP	13976.467	NA	NA	NA	
Sept05	2023-09-05 07:56:47		14351.827	Live observation	NA	NA	NA	DMO-14	BR_C	BR	STOP	13979.801	NA	NA	NA	
Sept05	2023-09-05 07:56:47		14351.827	Live observation	NA	NA	NA	DM1-20a	BR_C	BR	STOP	13981.523	NA	NA	NA	
Sept05	2023-09-05 07:56:47		14351.827	Live observation	NA	NA	NA	DMO-16	BR_B	BR	STOP	14033.405	NA	NA	NA	
Sept05	2023-09-05 07:56:47		14351.827	Live observation	NA	NA	NA	DMO-9	BR_A	BR	START	14047.241	NA	NA	NA	
Sept05	2023-09-05 07:56:47		14351.827	Live observation	NA	NA	NA	DMO-16	BR_B	BR	START	14052.479	NA	NA	NA	
Sept05	2023-09-05 07:56:47		14351.827	Live observation	NA	NA	NA	DMO-14	BR_D	BR	START	14120.252	NA	NA	NA	
Sept05	2023-09-05 07:56:47		14351.827	Live observation	NA	NA	NA	DMO-14	BR_D	BR	STOP	14124.660	NA	NA	NA	
Sept05	2023-09-05 07:56:47		14351.827	Live observation	NA	NA	NA	DMO-14	BR_C	BR	START	14124.660	NA	NA	NA	
Sept05	2023-09-05 07:56:47		14351.827	Live observation	NA	NA	NA	DMO-13a	BR_D	BR	START	14145.967	NA	NA	NA	
Sept05	2023-09-05 07:56:47		14351.827	Live observation	NA	NA	NA	DM1-18a	BR_C	BR	START	14163.443	NA	NA	NA	
Sept05	2023-09-05 07:56:47		14351.827	Live observation	NA	NA	NA	DMO-14	BR_C	BR	STOP	14169.420	NA	NA	NA	
Sept05	2023-09-05 07:56:47		14351.827	Live observation	NA	NA	NA	DMO-9	BR_A	BR	STOP	14176.555	NA	NA	NA	
Sept05	2023-09-05 07:56:47		14351.827	Live observation	NA	NA	NA	DMO-13a	BR_D	BR	STOP	14183.238	NA	NA	NA	
Sept05	2023-09-05 07:56:47		14351.827	Live observation	NA	NA	NA	DMO-16	BR_B	BR	STOP	14193.204	NA	NA	NA	
Sept05	2023-09-05 07:56:47		14351.827	Live observation	NA	NA	NA	DMO-16	BR_A	BR	START	14193.204	NA	NA	NA	
Sept05	2023-09-05 07:56:47		14351.827	Live observation	NA	NA	NA	DMO-14	BR_D	BR	START	14228.365	NA	NA	NA	
Sept05	2023-09-05 07:56:47		14351.827	Live observation	NA	NA	NA	DMO-16	BR_A	BR	STOP	14236.759	NA	NA	NA	
Sept05	2023-09-05 07:56:47		14351.827	Live observation	NA	NA	NA	DMO-14	BR_D	BR	STOP	14240.462	NA	NA	NA	
Sept05	2023-09-05 07:56:47		14351.827	Live observation	NA	NA	NA	DMO-14	BR_C	BR	START	14240.462	NA	NA	NA	
Sept05	2023-09-05 07:56:47		14351.827	Live observation	NA	NA	NA	DMO-14	BR_C	BR	STOP	14244.952	NA	NA	NA	
Sept05	2023-09-05 07:56:47		14351.827	Live observation	NA	NA	NA	DMO-14	BR_D	BR	START	14244.952	NA	NA	NA	
Sept05	2023-09-05 07:56:47		14351.827	Live observation	NA	NA	NA	DMO-14	BR_D	BR	STOP	14251.408	NA	NA	NA	
Sept05	2023-09-05 07:56:47		14351.827	Live observation	NA	NA	NA	DMO-14	BR_A	BR	START	14255.515	NA	NA	NA	
Sept05	2023-09-05 07:56:47		14351.827	Live observation	NA	NA	NA	DM1-18a	BR_C	BR	STOP	14268.248	NA	NA	NA	
Sept05	2023-09-05 07:56:47		14351.827	Live observation	NA	NA	NA	DMO-14	BR_A	BR	STOP	14277.003	NA	NA	NA	
Sept05	2023-09-05 07:56:47		14351.827	Live observation	NA	NA	NA	DM1-18a	BR_C	BR	START	14313.934	NA	NA	NA	
Sept05	2023-09-05 07:56:47		14351.827	Live observation	NA	NA	NA	DMO-9	BR_A	BR	START	14322.415	NA	NA	NA	
Sept05	2023-09-05 07:56:47		14351.827	Live observation	NA	NA	NA	DMO-14	BR_C	BR	START	14346.042	NA	NA	NA	
Sept05	2023-09-05 07:56:47		14351.827	Live observation	NA	NA	NA	DM1-18a	BR_C	BR	STOP	14352.166	NA	NA	NA	
Sept05	2023-09-05 07:56:47		14351.827	Live observation	NA	NA	NA	DMO-9	BR_A	BR	STOP	14368.698	NA	NA	NA	
Sept05	2023-09-05 07:56:47		14351.827	Live observation	NA	NA	NA	DMO-14	BR_C	BR	STOP	14391.062	NA	NA	NA	
